financial_year,year,bank_name,crar,tier1_crar,tier2_crar
FY2024-25,2025,BANK OF BARODA,17.19,14.79,2.4
FY2024-25,2025,BANK OF INDIA,17.77,15.47,2.3
FY2024-25,2025,BANK OF MAHARASHTRA,20.53,16.86,3.67
FY2024-25,2025,CANARA BANK,16.33,14.37,1.96
FY2024-25,2025,CENTRAL BANK OF INDIA,17.02,14.73,2.29
FY2024-25,2025,INDIAN BANK,17.94,15.85,2.09
FY2024-25,2025,INDIAN OVERSEAS BANK,19.74,17.13,2.61
FY2024-25,2025,PUNJAB AND SIND BANK,17.4,15.59,1.81
FY2024-25,2025,PUNJAB NATIONAL BANK,17.01,14.05,2.96
FY2024-25,2025,STATE BANK OF INDIA,14.25,12.11,2.14
FY2024-25,2025,UCO BANK,18.49,16.37,2.12
FY2024-25,2025,UNION BANK OF INDIA,18.02,16.24,1.78
FY2024-25,2025,AXIS BANK LIMITED,17.07,15.07,2.0
FY2024-25,2025,BANDHAN BANK LIMITED,18.71,17.86,0.85
FY2024-25,2025,CITY UNION BANK LIMITED,23.75,22.7,1.05
FY2024-25,2025,CSB BANK LIMITED,22.46,20.59,1.87
FY2024-25,2025,DCB BANK LIMITED,16.77,14.3,2.47
FY2024-25,2025,DHANLAXMI BANK LIMITED,16.12,15.24,0.88
FY2024-25,2025,FEDERAL BANK LTD,16.4,15.04,1.36
FY2024-25,2025,HDFC BANK LTD.,19.55,17.69,1.86
FY2024-25,2025,ICICI BANK LIMITED,16.55,15.94,0.61
FY2024-25,2025,IDBI BANK LIMITED,25.05,23.51,1.54
FY2024-25,2025,IDFC FIRST BANK LIMITED,15.48,13.17,2.31
FY2024-25,2025,INDUSIND BANK LTD,16.24,15.1,1.14
FY2024-25,2025,JAMMU & KASHMIR BANK LTD,16.29,13.95,2.34
FY2024-25,2025,KARNATAKA BANK LTD,19.85,18.35,1.5
FY2024-25,2025,KARUR VYSYA BANK LTD,18.17,17.12,1.05
FY2024-25,2025,KOTAK MAHINDRA BANK LTD.,22.25,21.1,1.15
FY2024-25,2025,NAINITAL BANK LTD,16.76,15.84,0.92
FY2024-25,2025,RBL BANK LTD,15.55,14.06,1.49
FY2024-25,2025,SOUTH INDIAN BANK LTD,19.31,17.98,1.33
FY2024-25,2025,TAMILNAD MERCANTILE BANK LTD,32.71,31.24,1.47
FY2024-25,2025,YES BANK LTD.,15.6462,13.5195,2.13
FY2024-25,2025,AB BANK PLC,87.97,87.21,0.76
FY2024-25,2025,AMERICAN EXPRESS BANKING CORP.,17.2,13.05,4.15
FY2024-25,2025,AUSTRALIA AND NEW ZEALAND BANKING GROUP LIMITED,17.91,15.81,2.1
FY2024-25,2025,"BANK OF AMERICA , NATIONAL ASSOCIATION",19.14,17.12,2.02
FY2024-25,2025,BANK OF BAHRAIN & KUWAIT B.S.C.,29.5,28.56,0.94
FY2024-25,2025,BANK OF CEYLON,27.47,26.22,1.25
FY2024-25,2025,BANK OF CHINA LIMITED,125.15,124.54,0.61
FY2024-25,2025,BANK OF NOVA SCOTIA,477.89,467.41,10.48
FY2024-25,2025,BARCLAYS BANK PLC,19.16,17.61,1.55
FY2024-25,2025,BNP PARIBAS,16.6221,14.0591,2.563
FY2024-25,2025,CITIBANK N.A,20.38,17.9,2.48
FY2024-25,2025,COOPERATIEVE RABOBANK U.A.,187.44,187.44,
FY2024-25,2025,CREDIT AGRICOLE CORPORATE AND INVESTMENT BANK,20.34,18.81,1.53
FY2024-25,2025,"CTBC BANK CO., LTD.",24.07,23.19,0.88
FY2024-25,2025,DBS BANK INDIA LIMITED,16.81,13.55,3.26
FY2024-25,2025,DEUTSCHE BANK AG,17.69,16.49,1.2
FY2024-25,2025,DOHA BANK Q.P.S.C.,41.43,40.35,1.08
FY2024-25,2025,EMIRATES NBD BANK (P.J.S.C.),30.02,29.52,0.5
FY2024-25,2025,FIRST ABU DHABI BANK PJSC,26.03,24.55,1.48
FY2024-25,2025,FIRSTRAND BANK LTD,304.26,304.26,
FY2024-25,2025,INDUSTRIAL AND COMMERCIAL BANK OF CHINA,26.79,24.29,2.5
FY2024-25,2025,INDUSTRIAL BANK OF KOREA,96.44,95.69,0.75
FY2024-25,2025,JPMORGAN CHASE BANK NATIONAL ASSOCIATION,20.01,17.37,2.64
FY2024-25,2025,JSC VTB BANK,193.76,193.76,
FY2024-25,2025,KEB HANA BANK,30.95,30.43,0.52
FY2024-25,2025,KOOKMIN BANK,29.41,28.85,0.56
FY2024-25,2025,MASHREQ BANK PSC,36.71,36.14,0.57
FY2024-25,2025,MIZUHO BANK LTD,21.95,20.71,1.24
FY2024-25,2025,"MUFG BANK, LTD.",16.5097,15.8482,0.66
FY2024-25,2025,NATWEST MARKETS PLC,378.4,371.04,7.36
FY2024-25,2025,NONGHYUP BANK,82.86,82.69,0.17
FY2024-25,2025,PT BANK MAYBANK INDONESIA TBK,74.87,74.03,0.84
FY2024-25,2025,QATAR NATIONAL BANK (Q.P.S.C),37.79,37.31,0.48
FY2024-25,2025,SBERBANK,165.54,165.29,0.25
FY2024-25,2025,SBM BANK (INDIA) LIMITED,15.52,11.64,3.88
FY2024-25,2025,SHINHAN BANK,16.94,15.97,0.97
FY2024-25,2025,SOCIETE GENERALE,26.01,24.63,1.38
FY2024-25,2025,SONALI BANK PLC,167.67,167.29,0.38
FY2024-25,2025,STANDARD CHARTERED BANK,15.16,13.93,1.23
FY2024-25,2025,SUMITOMO MITSUI BANKING CORPORATION,23.29,22.32,0.97
FY2024-25,2025,THE HONGKONG AND SHANGHAI BANKING CORPORATION LIMITED,16.34,14.96,1.38
FY2024-25,2025,UBS AG,178.76,175.4,3.36
FY2024-25,2025,UNITED OVERSEAS BANK LTD,167.78,165.4,2.38
FY2024-25,2025,WOORI BANK,37.75,35.71,2.04
FY2024-25,2025,AU SMALL FINANCE BANK LIMITED,20.06,18.14,1.92
FY2024-25,2025,CAPITAL SMALL FINANCE BANK LIMITED,25.39,21.71,3.68
FY2024-25,2025,EQUITAS SMALL FINANCE BANK LIMITED,20.6,17.84,2.76
FY2024-25,2025,ESAF SMALL FINANCE BANK LIMITED,21.84,17.58,4.26
FY2024-25,2025,JANA SMALL FINANCE BANK LIMITED,20.6796,19.752,0.9276
FY2024-25,2025,NORTH EAST SMALL FINANCE BANK LIMITED,20.3,15.68,4.62
FY2024-25,2025,SHIVALIK SMALL FINANCE BANK LIMITED,20.95,18.37,2.58
FY2024-25,2025,SURYODAY SMALL FINANCE BANK LIMITED,25.83,24.45,1.38
FY2024-25,2025,UJJIVAN SMALL FINANCE BANK LIMITED,23.1,21.38,1.72
FY2024-25,2025,UNITY SMALL FINANCE BANK LIMITED,28.75,16.19,12.56
FY2024-25,2025,UTKARSH SMALL FINANCE BANK LIMITED,20.93,17.88,3.05
FY2024-25,2025,PAYMENTS BANKS,,,
FY2024-25,2025,AIRTEL PAYMENTS BANK LIMITED,37.95,37.95,
FY2024-25,2025,FINO PAYMENTS BANK LIMITED,80.45,73.87,6.58
FY2024-25,2025,INDIA POST PAYMENTS BANK LIMITED,49.24,48.85,0.39
FY2024-25,2025,PAYTM PAYMENTS BANK LIMITED,151.88,151.72,0.16
FY2023-24,2024,BANK OF BARODA,16.31,14.07,2.24
FY2023-24,2024,BANK OF INDIA,16.96,14.93,2.03
FY2023-24,2024,BANK OF MAHARASHTRA,17.38,13.72,3.66
FY2023-24,2024,CANARA BANK,16.28,13.95,2.33
FY2023-24,2024,CENTRAL BANK OF INDIA,15.08,12.46,2.62
FY2023-24,2024,INDIAN BANK,16.44,14.03,2.41
FY2023-24,2024,INDIAN OVERSEAS BANK,17.27,14.47,2.8
FY2023-24,2024,PUNJAB AND SIND BANK,17.16,14.74,2.42
FY2023-24,2024,PUNJAB NATIONAL BANK,15.97,13.17,2.8
FY2023-24,2024,STATE BANK OF INDIA,14.28,11.93,2.35
FY2023-24,2024,UCO BANK,16.98,14.54,2.44
FY2023-24,2024,UNION BANK OF INDIA,16.97,15.0,1.97
FY2023-24,2024,AXIS BANK LIMITED,16.63,14.2,2.43
FY2023-24,2024,BANDHAN BANK LIMITED,14.69,13.83,0.86
FY2023-24,2024,CITY UNION BANK LIMITED,23.73,22.69,1.04
FY2023-24,2024,CSB BANK LIMITED,24.47,23.1,1.37
FY2023-24,2024,DCB BANK LIMITED,16.59,14.53,2.06
FY2023-24,2024,DHANLAXMI BANK LIMITED,12.71,11.36,1.35
FY2023-24,2024,FEDERAL BANK LTD,16.13,14.61,1.52
FY2023-24,2024,HDFC BANK LTD.,18.8,16.79,2.01
FY2023-24,2024,ICICI BANK LIMITED,16.33,15.6,0.73
FY2023-24,2024,IDBI BANK LIMITED,22.26,20.11,2.15
FY2023-24,2024,IDFC FIRST BANK LIMITED,16.11,13.36,2.75
FY2023-24,2024,INDUSIND BANK LTD,17.23,15.82,1.41
FY2023-24,2024,JAMMU & KASHMIR BANK LTD,15.33,13.09,2.24
FY2023-24,2024,KARNATAKA BANK LTD,18.0,16.17,1.83
FY2023-24,2024,KARUR VYSYA BANK LTD,16.67,15.46,1.21
FY2023-24,2024,KOTAK MAHINDRA BANK LTD.,20.55,19.25,1.3
FY2023-24,2024,NAINITAL BANK LTD,15.22,14.26,0.96
FY2023-24,2024,RBL BANK LTD,16.18,14.38,1.8
FY2023-24,2024,SOUTH INDIAN BANK LTD,19.91,17.65,2.26
FY2023-24,2024,TAMILNAD MERCANTILE BANK LTD,29.37,27.97,1.4
FY2023-24,2024,YES BANK LTD.,15.36,12.18,3.18
FY2023-24,2024,AB BANK LIMITED,96.32,95.61,0.71
FY2023-24,2024,AMERICAN EXPRESS BANKING CORP.,23.48,16.28,7.2
FY2023-24,2024,AUSTRALIA AND NEW ZEALAND BANKING GROUP LIMITED,20.43,19.64,0.79
FY2023-24,2024,"BANK OF AMERICA , NATIONAL ASSOCIATION",18.46,16.76,1.7
FY2023-24,2024,BANK OF BAHRAIN & KUWAIT B.S.C.,22.87,22.02,0.85
FY2023-24,2024,BANK OF CEYLON,33.26,32.01,1.25
FY2023-24,2024,BANK OF CHINA LIMITED,133.61,133.14,0.47
FY2023-24,2024,BANK OF NOVA SCOTIA,510.88,499.59,11.29
FY2023-24,2024,BARCLAYS BANK PLC,15.93,14.55,1.38
FY2023-24,2024,BNP PARIBAS,17.0,14.02,2.98
FY2023-24,2024,CITIBANK N.A,18.71,16.71,2.0
FY2023-24,2024,COOPERATIEVE RABOBANK U.A.,160.76,159.88,0.88
FY2023-24,2024,CREDIT AGRICOLE CORPORATE AND INVESTMENT BANK,14.4,12.22,2.18
FY2023-24,2024,CREDIT SUISSE AG,86.97,85.12,1.85
FY2023-24,2024,"CTBC BANK CO., LTD.",35.1,33.91,1.19
FY2023-24,2024,DBS BANK INDIA LIMITED,15.75,13.3,2.45
FY2023-24,2024,DEUTSCHE BANK AG,16.26,14.53,1.73
FY2023-24,2024,DOHA BANK Q.P.S.C.,40.0,39.06,0.94
FY2023-24,2024,EMIRATES NBD BANK (P.J.S.C.),38.91,37.61,1.3
FY2023-24,2024,FIRST ABU DHABI BANK PJSC,37.4,34.26,3.14
FY2023-24,2024,FIRSTRAND BANK LTD,252.74,252.41,0.33
FY2023-24,2024,INDUSTRIAL AND COMMERCIAL BANK OF CHINA,21.91,21.04,0.87
FY2023-24,2024,INDUSTRIAL BANK OF KOREA,66.36,65.61,0.75
FY2023-24,2024,JPMORGAN CHASE BANK NATIONAL ASSOCIATION,21.51,18.92,2.59
FY2023-24,2024,JSC VTB BANK,188.29,188.29,
FY2023-24,2024,KEB HANA BANK,30.96,30.45,0.51
FY2023-24,2024,KOOKMIN BANK,35.02,34.45,0.57
FY2023-24,2024,KRUNG THAI BANK PUBLIC COMPANY LIMITED,278.62,277.37,1.25
FY2023-24,2024,MASHREQ BANK PSC,66.31,65.43,0.88
FY2023-24,2024,MIZUHO BANK LTD,23.37,22.44,0.93
FY2023-24,2024,"MUFG BANK, LTD.",22.8733,21.8932,0.98
FY2023-24,2024,NATWEST MARKETS PLC,313.42,313.12,0.3
FY2023-24,2024,NONGHYUP BANK,123.01,122.8,0.21
FY2023-24,2024,PT BANK MAYBANK INDONESIA TBK,90.77,90.49,0.28
FY2023-24,2024,QATAR NATIONAL BANK (Q.P.S.C),42.06,41.7,0.36
FY2023-24,2024,SBERBANK,143.99,143.93,0.06
FY2023-24,2024,SBM BANK (INDIA) LIMITED,16.9,12.3,4.6
FY2023-24,2024,SHINHAN BANK,18.01,17.13,0.88
FY2023-24,2024,SOCIETE GENERALE,29.26,27.84,1.42
FY2023-24,2024,SONALI BANK,127.41,127.12,0.29
FY2023-24,2024,STANDARD CHARTERED BANK,16.19,14.4,1.79
FY2023-24,2024,SUMITOMO MITSUI BANKING CORPORATION,20.33,19.51,0.82
FY2023-24,2024,THE HONGKONG AND SHANGHAI BANKING CORPORATION LIMITED,15.88,13.95,1.93
FY2023-24,2024,UNITED OVERSEAS BANK LTD,148.81,146.73,2.08
FY2023-24,2024,WOORI BANK,34.89,33.22,1.67
FY2023-24,2024,AU SMALL FINANCE BANK LIMITED,20.06,18.8,1.26
FY2023-24,2024,CAPITAL SMALL FINANCE BANK LIMITED,27.39,22.8,4.59
FY2023-24,2024,EQUITAS SMALL FINANCE BANK LIMITED,21.7,20.71,0.99
FY2023-24,2024,ESAF SMALL FINANCE BANK LIMITED,23.27,19.7,3.57
FY2023-24,2024,FINCARE SMALL FINANCE BANK LIMITED,24.53,22.15,2.38
FY2023-24,2024,JANA SMALL FINANCE BANK LIMITED,20.3104,18.9663,1.3441
FY2023-24,2024,NORTH EAST SMALL FINANCE BANK LIMITED,11.31,7.15,4.16
FY2023-24,2024,SHIVALIK SMALL FINANCE BANK LIMITED,20.19,16.75,3.44
FY2023-24,2024,SURYODAY SMALL FINANCE BANK LIMITED,28.41,26.54,1.87
FY2023-24,2024,UJJIVAN SMALL FINANCE BANK LIMITED,24.69,22.58,2.11
FY2023-24,2024,UNITY SMALL FINANCE BANK LIMITED,36.461,19.9234,16.534
FY2023-24,2024,UTKARSH SMALL FINANCE BANK LIMITED,22.57,20.95,1.62
FY2023-24,2024,PAYMENTS BANKS,,,
FY2023-24,2024,AIRTEL PAYMENTS BANK LIMITED,38.31,38.31,
FY2023-24,2024,FINO PAYMENTS BANK LIMITED,74.5,70.05,4.45
FY2023-24,2024,INDIA POST PAYMENTS BANK LIMITED,54.86,54.64,0.22
FY2023-24,2024,PAYTM PAYMENTS BANK LIMITED,122.6,122.5,0.1
FY2022-23,2023,BANK OF BARODA,16.24,13.99,2.25
FY2022-23,2023,BANK OF INDIA,16.28,14.41,1.87
FY2022-23,2023,BANK OF MAHARASHTRA,18.14,14.25,3.89
FY2022-23,2023,CANARA BANK,16.68,13.78,2.9
FY2022-23,2023,CENTRAL BANK OF INDIA,14.12,12.11,2.01
FY2022-23,2023,INDIAN BANK,16.49,13.48,3.01
FY2022-23,2023,INDIAN OVERSEAS BANK,16.1,12.88,3.22
FY2022-23,2023,PUNJAB AND SIND BANK,17.1,14.32,2.78
FY2022-23,2023,PUNJAB NATIONAL BANK,15.5,12.69,2.81
FY2022-23,2023,STATE BANK OF INDIA,14.68,12.06,2.62
FY2022-23,2023,UCO BANK,16.51,13.96,2.55
FY2022-23,2023,UNION BANK OF INDIA,16.04,13.91,2.13
FY2022-23,2023,AXIS BANK LIMITED,17.64,14.57,3.07
FY2022-23,2023,BANDHAN BANK LIMITED,19.76,18.7,1.06
FY2022-23,2023,CITY UNION BANK LIMITED,22.34,21.27,1.07
FY2022-23,2023,CSB BANK LIMITED,27.1,25.87,1.23
FY2022-23,2023,DCB BANK LIMITED,17.55,15.18,2.37
FY2022-23,2023,DHANLAXMI BANK LIMITED,12.32,10.55,1.77
FY2022-23,2023,FEDERAL BANK LTD,14.81,13.02,1.79
FY2022-23,2023,HDFC BANK LTD.,19.26,17.13,2.13
FY2022-23,2023,ICICI BANK LIMITED,18.34,17.6,0.74
FY2022-23,2023,IDBI BANK LIMITED,20.44,18.08,2.36
FY2022-23,2023,IDFC FIRST BANK LIMITED,16.82,14.2,2.62
FY2022-23,2023,INDUSIND BANK LTD,17.86,16.37,1.49
FY2022-23,2023,JAMMU & KASHMIR BANK LTD,15.38,12.34,3.04
FY2022-23,2023,KARNATAKA BANK LTD,17.45,14.18,3.27
FY2022-23,2023,KARUR VYSYA BANK LTD,18.56,16.79,1.77
FY2022-23,2023,KOTAK MAHINDRA BANK LTD.,21.8,20.78,1.02
FY2022-23,2023,NAINITAL BANK LTD,16.24,15.23,1.01
FY2022-23,2023,RBL BANK LTD,16.92,15.25,1.67
FY2022-23,2023,SOUTH INDIAN BANK LTD,17.25,14.74,2.51
FY2022-23,2023,TAMILNAD MERCANTILE BANK LTD,26.26,24.61,1.65
FY2022-23,2023,YES BANK LTD.,17.92,13.26,4.66
FY2022-23,2023,AB BANK LIMITED,70.55,69.84,0.71
FY2022-23,2023,AMERICAN EXPRESS BANKING CORP.,32.34,18.79,13.55
FY2022-23,2023,AUSTRALIA AND NEW ZEALAND BANKING GROUP LIMITED,20.11,18.73,1.38
FY2022-23,2023,"BANK OF AMERICA , NATIONAL ASSOCIATION",19.82,18.39,1.43
FY2022-23,2023,BANK OF BAHRAIN & KUWAIT B.S.C.,22.13,21.36,0.77
FY2022-23,2023,BANK OF CEYLON,30.75,29.5,1.25
FY2022-23,2023,BANK OF CHINA LIMITED,108.59,108.26,0.33
FY2022-23,2023,BANK OF NOVA SCOTIA,132.27,129.17,3.1
FY2022-23,2023,BARCLAYS BANK PLC,17.28,15.94,1.34
FY2022-23,2023,BNP PARIBAS,15.83,12.98,2.85
FY2022-23,2023,CITIBANK N.A,20.68,18.7,1.98
FY2022-23,2023,COOPERATIEVE RABOBANK U.A.,74.4,73.21,1.19
FY2022-23,2023,CREDIT AGRICOLE CORPORATE AND INVESTMENT BANK,13.65,11.62,2.03
FY2022-23,2023,CREDIT SUISSE AG,46.96,43.78,3.18
FY2022-23,2023,"CTBC BANK CO., LTD.",23.53,22.31,1.22
FY2022-23,2023,DBS BANK INDIA LIMITED,14.99,12.55,2.44
FY2022-23,2023,DEUTSCHE BANK AG,15.41,14.14,1.27
FY2022-23,2023,DOHA BANK Q.P.S.C.,29.34,28.36,0.98
FY2022-23,2023,EMIRATES NBD BANK (P.J.S.C.),52.25,50.64,1.61
FY2022-23,2023,FIRST ABU DHABI BANK PJSC,33.16,30.78,2.38
FY2022-23,2023,FIRSTRAND BANK LTD,218.1,217.88,0.22
FY2022-23,2023,INDUSTRIAL AND COMMERCIAL BANK OF CHINA,30.86,28.78,2.08
FY2022-23,2023,INDUSTRIAL BANK OF KOREA,70.02,69.42,0.6
FY2022-23,2023,JPMORGAN CHASE BANK NATIONAL ASSOCIATION,21.91,19.52,2.39
FY2022-23,2023,JSC VTB BANK,116.72,116.72,
FY2022-23,2023,KEB HANA BANK,31.08,30.54,0.54
FY2022-23,2023,KOOKMIN BANK,43.9,43.27,0.63
FY2022-23,2023,KRUNG THAI BANK PUBLIC COMPANY LIMITED,232.72,231.47,1.25
FY2022-23,2023,MASHREQ BANK PSC,69.51,68.55,0.96
FY2022-23,2023,MIZUHO BANK LTD,18.21,17.39,0.82
FY2022-23,2023,"MUFG BANK, LTD.",24.28,23.56,0.72
FY2022-23,2023,NATWEST MARKETS PLC,348.15,347.71,0.44
FY2022-23,2023,PT BANK MAYBANK INDONESIA TBK,60.13,59.9,0.23
FY2022-23,2023,QATAR NATIONAL BANK (Q.P.S.C),52.3,51.85,0.45
FY2022-23,2023,SBERBANK,135.34,135.27,0.07
FY2022-23,2023,SBM BANK (INDIA) LIMITED,16.16,11.46,4.7
FY2022-23,2023,SHINHAN BANK,21.14,20.2,0.94
FY2022-23,2023,SOCIETE GENERALE,23.64,22.48,1.16
FY2022-23,2023,SONALI BANK,67.82,67.38,0.44
FY2022-23,2023,STANDARD CHARTERED BANK,17.29,15.58,1.71
FY2022-23,2023,SUMITOMO MITSUI BANKING CORPORATION,35.14,34.12,1.02
FY2022-23,2023,THE HONGKONG AND SHANGHAI BANKING CORPORATION LIMITED,16.6,15.0,1.6
FY2022-23,2023,UNITED OVERSEAS BANK LTD,180.93,179.36,1.57
FY2022-23,2023,WOORI BANK,53.3,48.06,5.24
FY2022-23,2023,AU SMALL FINANCE BANK LIMITED,23.59,21.78,1.81
FY2022-23,2023,CAPITAL SMALL FINANCE BANK LIMITED,18.87,13.69,5.18
FY2022-23,2023,EQUITAS SMALL FINANCE BANK LIMITED,23.8,23.08,0.72
FY2022-23,2023,ESAF SMALL FINANCE BANK LIMITED,19.83,18.12,1.71
FY2022-23,2023,FINCARE SMALL FINANCE BANK LIMITED,20.04,18.64,1.4
FY2022-23,2023,JANA SMALL FINANCE BANK LIMITED,15.57,13.02,2.55
FY2022-23,2023,NORTH EAST SMALL FINANCE BANK LIMITED,5.5,2.75,2.75
FY2022-23,2023,SHIVALIK SMALL FINANCE BANK LIMITED,23.46,18.64,4.82
FY2022-23,2023,SURYODAY SMALL FINANCE BANK LIMITED,33.72,30.84,2.88
FY2022-23,2023,UJJIVAN SMALL FINANCE BANK LIMITED,25.81,22.68,3.13
FY2022-23,2023,UNITY SMALL FINANCE BANK LIMITED,49.4037,27.1566,22.2471
FY2022-23,2023,UTKARSH SMALL FINANCE BANK LIMITED,20.64,18.25,2.39
FY2022-23,2023,PAYMENTS BANKS,,,
FY2022-23,2023,AIRTEL PAYMENTS BANK LIMITED,49.1,49.1,
FY2022-23,2023,FINO PAYMENTS BANK LIMITED,86.05,82.12,3.93
FY2022-23,2023,INDIA POST PAYMENTS BANK LIMITED,56.96,56.7,0.26
FY2022-23,2023,PAYTM PAYMENTS BANK LIMITED,28.35,28.35,
FY2021-22,2022,BANK OF BARODA,15.68,13.18,2.5
FY2021-22,2022,BANK OF INDIA,16.51,13.92,2.59
FY2021-22,2022,BANK OF MAHARASHTRA,16.48,12.38,4.1
FY2021-22,2022,CANARA BANK,14.9,11.91,2.99
FY2021-22,2022,CENTRAL BANK OF INDIA,13.84,11.48,2.36
FY2021-22,2022,INDIAN BANK,16.53,13.17,3.36
FY2021-22,2022,INDIAN OVERSEAS BANK,13.83,10.71,3.12
FY2021-22,2022,PUNJAB AND SIND BANK,18.54,14.8,3.74
FY2021-22,2022,PUNJAB NATIONAL BANK,14.5,11.73,2.77
FY2021-22,2022,STATE BANK OF INDIA,13.83,11.42,2.41
FY2021-22,2022,UCO BANK,13.74,10.97,2.77
FY2021-22,2022,UNION BANK OF INDIA,14.52,12.2,2.32
FY2021-22,2022,AXIS BANK LIMITED,18.54,16.34,2.2
FY2021-22,2022,BANDHAN BANK LIMITED,20.1,18.89,1.21
FY2021-22,2022,CITY UNION BANK LIMITED,20.85,19.78,1.07
FY2021-22,2022,CSB BANK LIMITED,25.9,24.35,1.55
FY2021-22,2022,DCB BANK LIMITED,18.92,15.84,3.08
FY2021-22,2022,DHANLAXMI BANK LIMITED,12.98,10.31,2.67
FY2021-22,2022,FEDERAL BANK LTD,15.77,14.43,1.34
FY2021-22,2022,HDFC BANK LTD.,18.9,17.87,1.03
FY2021-22,2022,ICICI BANK LIMITED,19.16,18.35,0.81
FY2021-22,2022,IDBI BANK LIMITED,19.06,16.68,2.38
FY2021-22,2022,IDFC FIRST BANK LIMITED,16.74,14.88,1.86
FY2021-22,2022,INDUSIND BANK LTD,18.42,16.8,1.62
FY2021-22,2022,JAMMU & KASHMIR BANK LTD,13.23,11.73,1.5
FY2021-22,2022,KARNATAKA BANK LTD,15.66,12.65,3.01
FY2021-22,2022,KARUR VYSYA BANK LTD,19.21,17.27,1.94
FY2021-22,2022,KOTAK MAHINDRA BANK LTD.,22.69,21.67,1.02
FY2021-22,2022,NAINITAL BANK LTD,13.63,12.71,0.92
FY2021-22,2022,RBL BANK LTD,16.82,16.21,0.61
FY2021-22,2022,SOUTH INDIAN BANK LTD,15.86,13.22,2.64
FY2021-22,2022,TAMILNAD MERCANTILE BANK LTD,22.06,20.44,1.62
FY2021-22,2022,YES BANK LTD.,17.43,11.6,5.83
FY2021-22,2022,AB BANK LIMITED,53.08,52.57,0.51
FY2021-22,2022,ABU DHABI COMMERCIAL BANK PJSC,278.08,278.08,
FY2021-22,2022,AMERICAN EXPRESS BANKING CORP.,28.73,18.24,10.49
FY2021-22,2022,AUSTRALIA AND NEW ZEALAND BANKING GROUP LIMITED,26.69,25.43,1.26
FY2021-22,2022,"BANK OF AMERICA , NATIONAL ASSOCIATION",19.62,18.62,1.0
FY2021-22,2022,BANK OF BAHRAIN & KUWAIT B.S.C.,26.09,24.89,1.2
FY2021-22,2022,BANK OF CEYLON,29.88,28.86,1.02
FY2021-22,2022,BANK OF CHINA LIMITED,132.28,132.08,0.2
FY2021-22,2022,BANK OF NOVA SCOTIA,58.07,55.92,2.15
FY2021-22,2022,BARCLAYS BANK PLC,25.04,23.33,1.71
FY2021-22,2022,BNP PARIBAS,17.21,14.22,2.99
FY2021-22,2022,CITIBANK N.A,17.43,15.74,1.69
FY2021-22,2022,COOPERATIEVE RABOBANK U.A.,27.92,26.88,1.04
FY2021-22,2022,CREDIT AGRICOLE CORPORATE AND INVESTMENT BANK,14.87,12.61,2.26
FY2021-22,2022,CREDIT SUISSE AG,60.02,55.73,4.29
FY2021-22,2022,"CTBC BANK CO., LTD.",31.82,30.56,1.26
FY2021-22,2022,DBS BANK INDIA LIMITED,16.29,13.71,2.58
FY2021-22,2022,DEUTSCHE BANK AG,16.18,14.73,1.45
FY2021-22,2022,DOHA BANK Q.P.S.C.,28.26,27.4,0.86
FY2021-22,2022,EMIRATES NBD BANK (P.J.S.C.),75.31,73.94,1.37
FY2021-22,2022,FIRST ABU DHABI BANK PJSC,33.5,30.95,2.55
FY2021-22,2022,FIRSTRAND BANK LTD,188.04,187.85,0.19
FY2021-22,2022,HONGKONG AND SHANGHAI BANKING CORPN.LTD.,16.5,14.79,1.71
FY2021-22,2022,INDUSTRIAL AND COMMERCIAL BANK OF CHINA,32.05,30.35,1.7
FY2021-22,2022,INDUSTRIAL BANK OF KOREA,89.53,88.94,0.59
FY2021-22,2022,JPMORGAN CHASE BANK NATIONAL ASSOCIATION,23.53,21.57,1.96
FY2021-22,2022,JSC VTB BANK,587.48,587.48,
FY2021-22,2022,KEB HANA BANK,46.95,46.33,0.62
FY2021-22,2022,KOOKMIN BANK,50.35,49.87,0.48
FY2021-22,2022,KRUNG THAI BANK PUBLIC COMPANY LIMITED,164.42,163.17,1.25
FY2021-22,2022,MASHREQ BANK PSC,160.66,159.65,1.01
FY2021-22,2022,MIZUHO BANK LTD,18.64,17.91,0.73
FY2021-22,2022,"MUFG BANK, LTD.",22.89,21.64,1.25
FY2021-22,2022,PT BANK MAYBANK INDONESIA TBK,88.55,88.35,0.2
FY2021-22,2022,QATAR NATIONAL BANK (Q.P.S.C),28.25,27.84,0.41
FY2021-22,2022,SBERBANK,90.12,90.05,0.07
FY2021-22,2022,SBM BANK (INDIA) LIMITED,17.28,16.06,1.22
FY2021-22,2022,SHINHAN BANK,25.87,24.79,1.08
FY2021-22,2022,SOCIETE GENERALE,24.47,23.13,1.34
FY2021-22,2022,SONALI BANK,15.54,15.29,0.25
FY2021-22,2022,STANDARD CHARTERED BANK,15.95,14.79,1.16
FY2021-22,2022,SUMITOMO MITSUI BANKING CORPORATION,27.71,27.12,0.59
FY2021-22,2022,THE ROYAL BANK OF SCOTLAND N.V.,306.42,306.05,0.37
FY2021-22,2022,UNITED OVERSEAS BANK LTD,287.98,284.74,3.24
FY2021-22,2022,WOORI BANK,48.24,45.82,2.42
FY2021-22,2022,AU SMALL FINANCE BANK LIMITED,20.99,19.69,1.3
FY2021-22,2022,CAPITAL SMALL FINANCE BANK LIMITED,18.63,13.21,5.42
FY2021-22,2022,EQUITAS SMALL FINANCE BANK LIMITED,25.16,24.53,0.63
FY2021-22,2022,ESAF SMALL FINANCE BANK LIMITED,18.64,16.16,2.48
FY2021-22,2022,FINCARE SMALL FINANCE BANK LIMITED,22.32,19.48,2.84
FY2021-22,2022,JANA SMALL FINANCE BANK LIMITED,15.26,11.83,3.43
FY2021-22,2022,NORTH EAST SMALL FINANCE BANK LIMITED,17.05,15.09,1.96
FY2021-22,2022,SHIVALIK SMALL FINANCE BANK LIMITED,21.73,15.46,6.27
FY2021-22,2022,SURYODAY SMALL FINANCE BANK LIMITED,37.86,34.44,3.42
FY2021-22,2022,UJJIVAN SMALL FINANCE BANK LIMITED,18.99,17.7,1.29
FY2021-22,2022,UTKARSH SMALL FINANCE BANK LIMITED,21.59,18.08,3.51
FY2021-22,2022,PAYMENTS BANKS,,,
FY2021-22,2022,AIRTEL PAYMENTS BANK LIMITED,58.26,58.26,
FY2021-22,2022,FINO PAYMENTS BANK LIMITED,125.6,125.57,0.03
FY2021-22,2022,INDIA POST PAYMENTS BANK LIMITED,40.83,40.83,
FY2021-22,2022,PAYTM PAYMENTS BANK LIMITED,38.63,38.63,
FY2020-21,2021,BANK OF BARODA,14.99,12.67,2.32
FY2020-21,2021,BANK OF INDIA,14.93,11.96,2.97
FY2020-21,2021,BANK OF MAHARASHTRA,14.49,10.97,3.52
FY2020-21,2021,CANARA BANK,13.18,10.08,3.1
FY2020-21,2021,CENTRAL BANK OF INDIA,14.81,12.82,1.99
FY2020-21,2021,INDIAN BANK,15.71,11.93,3.78
FY2020-21,2021,INDIAN OVERSEAS BANK,15.32,12.91,2.41
FY2020-21,2021,PUNJAB AND SIND BANK,17.06,13.98,3.08
FY2020-21,2021,PUNJAB NATIONAL BANK,14.32,11.49,2.83
FY2020-21,2021,STATE BANK OF INDIA,13.74,11.44,2.3
FY2020-21,2021,UCO BANK,13.74,11.14,2.6
FY2020-21,2021,UNION BANK OF INDIA,12.56,10.35,2.21
FY2020-21,2021,AXIS BANK LIMITED,19.12,16.47,2.65
FY2020-21,2021,BANDHAN BANK LIMITED,23.47,22.48,0.99
FY2020-21,2021,CITY UNION BANK LIMITED,19.52,18.45,1.07
FY2020-21,2021,CSB BANK LIMITED,21.37,19.96,1.41
FY2020-21,2021,DCB BANK LIMITED,19.67,15.49,4.18
FY2020-21,2021,DHANLAXMI BANK LIMITED,14.47,11.31,3.16
FY2020-21,2021,FEDERAL BANK LTD,14.62,13.85,0.77
FY2020-21,2021,HDFC BANK LTD.,18.79,17.56,1.23
FY2020-21,2021,ICICI BANK LIMITED,19.12,18.06,1.06
FY2020-21,2021,IDBI BANK LIMITED,15.59,13.06,2.53
FY2020-21,2021,IDFC FIRST BANK LIMITED,13.77,13.27,0.5
FY2020-21,2021,INDUSIND BANK LTD,17.38,16.83,0.55
FY2020-21,2021,JAMMU & KASHMIR BANK LTD,12.2,10.28,1.92
FY2020-21,2021,KARNATAKA BANK LTD,14.85,12.34,2.51
FY2020-21,2021,KARUR VYSYA BANK LTD,18.98,16.95,2.03
FY2020-21,2021,KOTAK MAHINDRA BANK LTD.,22.26,21.38,0.88
FY2020-21,2021,NAINITAL BANK LTD,13.67,12.88,0.79
FY2020-21,2021,RBL BANK LTD,17.5,16.64,0.86
FY2020-21,2021,SOUTH INDIAN BANK LTD,15.42,12.79,2.63
FY2020-21,2021,TAMILNAD MERCANTILE BANK LTD,18.94,17.93,1.01
FY2020-21,2021,YES BANK LTD.,17.5,11.3,6.2
FY2020-21,2021,AB BANK LIMITED,35.34,34.94,0.4
FY2020-21,2021,ABU DHABI COMMERCIAL BANK PJSC,201.29,201.29,
FY2020-21,2021,AMERICAN EXPRESS BANKING CORP.,37.54,21.42,16.12
FY2020-21,2021,AUSTRALIA AND NEW ZEALAND BANKING GROUP LIMITED,32.82,31.73,1.09
FY2020-21,2021,"BANK OF AMERICA , NATIONAL ASSOCIATION",20.04,18.95,1.09
FY2020-21,2021,BANK OF BAHRAIN & KUWAIT B.S.C.,23.85,22.84,1.01
FY2020-21,2021,BANK OF CEYLON,31.14,29.89,1.25
FY2020-21,2021,BANK OF CHINA LIMITED,127.89,127.6,0.29
FY2020-21,2021,BANK OF NOVA SCOTIA,48.19,45.77,2.42
FY2020-21,2021,BARCLAYS BANK PLC,15.44,14.23,1.21
FY2020-21,2021,BNP PARIBAS,16.76,14.1,2.66
FY2020-21,2021,CITIBANK N.A,16.22,14.45,1.77
FY2020-21,2021,COOPERATIEVE RABOBANK U.A.,35.51,34.48,1.03
FY2020-21,2021,CREDIT AGRICOLE CORPORATE AND INVESTMENT BANK,13.89,11.55,2.34
FY2020-21,2021,CREDIT SUISSE AG,34.62,32.61,2.01
FY2020-21,2021,"CTBC BANK CO., LTD.",36.8,35.54,1.26
FY2020-21,2021,DBS BANK INDIA LIMITED,15.13,12.34,2.79
FY2020-21,2021,DEUTSCHE BANK AG,17.28,15.81,1.47
FY2020-21,2021,DOHA BANK Q.P.S.C.,31.54,30.74,0.8
FY2020-21,2021,EMIRATES NBD BANK (P.J.S.C.),79.47,77.9,1.57
FY2020-21,2021,FIRST ABU DHABI BANK PJSC,39.68,37.39,2.29
FY2020-21,2021,FIRSTRAND BANK LTD,46.03,44.61,1.42
FY2020-21,2021,HONGKONG AND SHANGHAI BANKING CORPN.LTD.,17.07,15.14,1.93
FY2020-21,2021,INDUSTRIAL AND COMMERCIAL BANK OF CHINA,32.55,32.19,0.36
FY2020-21,2021,INDUSTRIAL BANK OF KOREA,93.8,93.12,0.68
FY2020-21,2021,JPMORGAN CHASE BANK NATIONAL ASSOCIATION,23.95,22.27,1.68
FY2020-21,2021,JSC VTB BANK,394.9,394.9,
FY2020-21,2021,KEB HANA BANK,59.94,59.33,0.61
FY2020-21,2021,KOOKMIN BANK,64.88,64.59,0.29
FY2020-21,2021,KRUNG THAI BANK PUBLIC COMPANY LIMITED,101.74,100.49,1.25
FY2020-21,2021,MASHREQ BANK PSC,46.12,45.21,0.91
FY2020-21,2021,MIZUHO BANK LTD,20.21,19.58,0.63
FY2020-21,2021,"MUFG BANK, LTD.",22.39,21.14,1.25
FY2020-21,2021,PT BANK MAYBANK INDONESIA TBK,116.03,115.83,0.2
FY2020-21,2021,QATAR NATIONAL BANK (Q.P.S.C),43.0,42.69,0.31
FY2020-21,2021,SBERBANK,95.35,95.3,0.05
FY2020-21,2021,SBM BANK (INDIA) LIMITED,20.72,19.46,1.26
FY2020-21,2021,SHINHAN BANK,25.19,24.56,0.63
FY2020-21,2021,SOCIETE GENERALE,17.07,15.88,1.19
FY2020-21,2021,SONALI BANK,14.11,13.92,0.19
FY2020-21,2021,STANDARD CHARTERED BANK,15.7,14.53,1.17
FY2020-21,2021,SUMITOMO MITSUI BANKING CORPORATION,32.44,31.72,0.72
FY2020-21,2021,THE ROYAL BANK OF SCOTLAND N.V.,290.36,289.93,0.43
FY2020-21,2021,UNITED OVERSEAS BANK LTD,181.9,178.59,3.31
FY2020-21,2021,WOORI BANK,29.09,27.5,1.59
FY2020-21,2021,AU SMALL FINANCE BANK LIMITED,23.37,21.53,1.84
FY2020-21,2021,CAPITAL SMALL FINANCE BANK LIMITED,19.8,14.27,5.53
FY2020-21,2021,EQUITAS SMALL FINANCE BANK LIMITED,24.18,23.23,0.95
FY2020-21,2021,ESAF SMALL FINANCE BANK LIMITED,24.23,21.54,2.69
FY2020-21,2021,FINCARE SMALL FINANCE BANK LIMITED,29.56,24.91,4.65
FY2020-21,2021,JANA SMALL FINANCE BANK LIMITED,15.51,11.75,3.76
FY2020-21,2021,NORTH EAST SMALL FINANCE BANK LIMITED,21.22,20.18,1.04
FY2020-21,2021,SURYODAY SMALL FINANCE BANK LIMITED,51.47,47.23,4.24
FY2020-21,2021,UJJIVAN SMALL FINANCE BANK LIMITED,26.44,25.06,1.38
FY2020-21,2021,UTKARSH SMALL FINANCE BANK LIMITED,21.88,19.98,1.9
FY2020-21,2021,PAYMENTS BANKS,,,
FY2020-21,2021,FINO PAYMENTS BANK LIMITED,56.25,56.25,
FY2020-21,2021,INDIA POST PAYMENTS BANK LIMITED,36.15,36.15,
FY2019-20,2020,ALLAHABAD BANK,12.01,8.01,4.0
FY2019-20,2020,ANDHRA BANK,11.12,8.16,2.96
FY2019-20,2020,BANK OF BARODA,13.3,10.71,2.59
FY2019-20,2020,BANK OF INDIA,13.1,9.9,3.2
FY2019-20,2020,BANK OF MAHARASHTRA,13.52,10.67,2.85
FY2019-20,2020,CANARA BANK,13.65,10.12,3.53
FY2019-20,2020,CENTRAL BANK OF INDIA,11.72,9.33,2.39
FY2019-20,2020,CORPORATION BANK,11.53,9.04,2.49
FY2019-20,2020,INDIAN BANK,14.12,12.08,2.04
FY2019-20,2020,INDIAN OVERSEAS BANK,10.72,8.21,2.51
FY2019-20,2020,ORIENTAL BANK OF COMMERCE,11.55,8.91,2.64
FY2019-20,2020,PUNJAB AND SIND BANK,12.76,9.58,3.18
FY2019-20,2020,PUNJAB NATIONAL BANK,14.15,11.91,2.24
FY2019-20,2020,STATE BANK OF INDIA,13.06,11.0,2.06
FY2019-20,2020,SYNDICATE BANK,11.51,8.41,3.1
FY2019-20,2020,UCO BANK,11.7,8.98,2.72
FY2019-20,2020,UNION BANK OF INDIA,12.81,10.75,2.06
FY2019-20,2020,UNITED BANK OF INDIA,5.56,3.56,2.0
FY2019-20,2020,AXIS BANK LIMITED,17.53,14.49,3.04
FY2019-20,2020,BANDHAN BANK LIMITED,27.43,25.19,2.24
FY2019-20,2020,CITY UNION BANK LIMITED,16.76,15.8,0.96
FY2019-20,2020,CSB BANK LIMITED,22.46,21.79,0.67
FY2019-20,2020,DCB BANK LIMITED,17.75,13.9,3.85
FY2019-20,2020,DHANLAXMI BANK LIMITED,14.41,10.69,3.72
FY2019-20,2020,FEDERAL BANK LTD,14.35,13.29,1.06
FY2019-20,2020,HDFC BANK LTD.,18.52,17.23,1.29
FY2019-20,2020,ICICI BANK LIMITED,16.11,14.72,1.39
FY2019-20,2020,IDBI BANK LIMITED,13.31,10.57,2.74
FY2019-20,2020,IDFC FIRST BANK LIMITED,13.38,13.3,0.08
FY2019-20,2020,INDUSIND BANK LTD,15.04,14.57,0.47
FY2019-20,2020,JAMMU & KASHMIR BANK LTD,11.41,9.88,1.53
FY2019-20,2020,KARNATAKA BANK LTD,12.88,10.66,2.22
FY2019-20,2020,KARUR VYSYA BANK LTD,17.17,15.27,1.9
FY2019-20,2020,KOTAK MAHINDRA BANK LTD.,17.89,17.27,0.62
FY2019-20,2020,LAKSHMI VILAS BANK LTD,1.12,-0.88,2.0
FY2019-20,2020,NAINITAL BANK LTD,12.94,12.45,0.49
FY2019-20,2020,RBL BANK LTD,16.45,15.33,1.12
FY2019-20,2020,SOUTH INDIAN BANK LTD,13.41,10.79,2.62
FY2019-20,2020,TAMILNAD MERCANTILE BANK LTD,16.74,15.87,0.87
FY2019-20,2020,YES BANK LTD.,8.46,6.46,2.0
FY2019-20,2020,AB BANK LIMITED,45.0,44.44,0.56
FY2019-20,2020,ABU DHABI COMMERCIAL BANK PJSC,206.85,206.85,
FY2019-20,2020,AMERICAN EXPRESS BANKING CORP.,40.44,17.56,22.88
FY2019-20,2020,AUSTRALIA AND NEW ZEALAND BANKING GROUP LIMITED,14.7,13.63,1.07
FY2019-20,2020,"BANK OF AMERICA , NATIONAL ASSOCIATION",17.62,16.72,0.9
FY2019-20,2020,BANK OF BAHRAIN & KUWAIT B.S.C.,22.77,22.25,0.52
FY2019-20,2020,BANK OF CEYLON,33.36,32.11,1.25
FY2019-20,2020,BANK OF CHINA LIMITED,175.13,175.07,0.06
FY2019-20,2020,BANK OF NOVA SCOTIA,31.72,30.63,1.09
FY2019-20,2020,BARCLAYS BANK PLC,15.67,14.87,0.8
FY2019-20,2020,BNP PARIBAS,15.01,13.03,1.98
FY2019-20,2020,CITIBANK N.A,15.61,13.81,1.8
FY2019-20,2020,COOPERATIEVE RABOBANK U.A.,38.33,37.35,0.98
FY2019-20,2020,CREDIT AGRICOLE CORPORATE AND INVESTMENT BANK,12.43,10.17,2.26
FY2019-20,2020,CREDIT SUISSE AG,33.78,33.56,0.22
FY2019-20,2020,"CTBC BANK CO., LTD.",39.73,38.71,1.02
FY2019-20,2020,DBS BANK INDIA LIMITED,16.33,13.12,3.21
FY2019-20,2020,DEUTSCHE BANK AG,14.93,14.11,0.82
FY2019-20,2020,DOHA BANK Q.P.S.C.,26.87,26.06,0.81
FY2019-20,2020,EMIRATES NBD BANK (P.J.S.C.),86.05,84.68,1.37
FY2019-20,2020,FIRST ABU DHABI BANK PJSC,38.53,37.33,1.2
FY2019-20,2020,FIRSTRAND BANK LTD,29.99,29.09,0.9
FY2019-20,2020,HONGKONG AND SHANGHAI BANKING CORPN.LTD.,16.11,14.38,1.73
FY2019-20,2020,INDUSTRIAL AND COMMERCIAL BANK OF CHINA,24.64,24.31,0.33
FY2019-20,2020,INDUSTRIAL BANK OF KOREA,105.32,104.67,0.65
FY2019-20,2020,JPMORGAN CHASE BANK NATIONAL ASSOCIATION,14.93,14.14,0.79
FY2019-20,2020,JSC VTB BANK,295.01,294.18,0.83
FY2019-20,2020,KEB HANA BANK,42.3,41.69,0.61
FY2019-20,2020,KOOKMIN BANK,110.13,109.83,0.3
FY2019-20,2020,KRUNG THAI BANK PUBLIC COMPANY LIMITED,65.43,64.18,1.25
FY2019-20,2020,MASHREQ BANK PSC,49.21,48.3,0.91
FY2019-20,2020,MIZUHO BANK LTD,19.41,18.83,0.58
FY2019-20,2020,"MUFG BANK, LTD.",19.68,18.74,0.94
FY2019-20,2020,PT BANK MAYBANK INDONESIA TBK,107.17,106.89,0.28
FY2019-20,2020,QATAR NATIONAL BANK (Q.P.S.C),45.52,45.1,0.42
FY2019-20,2020,SBERBANK,105.92,105.78,0.14
FY2019-20,2020,SBM BANK (INDIA) LIMITED,32.44,31.48,0.96
FY2019-20,2020,SHINHAN BANK,21.6,21.07,0.53
FY2019-20,2020,SOCIETE GENERALE,12.58,11.6,0.98
FY2019-20,2020,SONALI BANK,16.68,16.53,0.15
FY2019-20,2020,STANDARD CHARTERED BANK,14.89,13.91,0.98
FY2019-20,2020,SUMITOMO MITSUI BANKING CORPORATION,40.86,40.1,0.76
FY2019-20,2020,THE ROYAL BANK OF SCOTLAND N.V.,284.1,283.56,0.54
FY2019-20,2020,UNITED OVERSEAS BANK LTD,171.78,171.03,0.75
FY2019-20,2020,WESTPAC BANKING CORPORATION,63.83,63.83,
FY2019-20,2020,WOORI BANK,33.16,32.22,0.94
FY2019-20,2020,AU SMALL FINANCE BANK LIMITED,21.99,18.36,3.63
FY2019-20,2020,CAPITAL SMALL FINANCE BANK LIMITED,19.11,14.0,5.11
FY2019-20,2020,EQUITAS SMALL FINANCE BANK LIMITED,23.61,22.44,1.17
FY2019-20,2020,ESAF SMALL FINANCE BANK LIMITED,24.03,20.99,3.04
FY2019-20,2020,FINCARE SMALL FINANCE BANK LIMITED,29.28,23.46,5.82
FY2019-20,2020,JANA SMALL FINANCE BANK LIMITED,19.25,13.12,6.13
FY2019-20,2020,NORTH EAST SMALL FINANCE BANK LIMITED,24.98,23.26,1.72
FY2019-20,2020,SURYODAY SMALL FINANCE BANK LIMITED,35.44,34.3,1.14
FY2019-20,2020,UJJIVAN SMALL FINANCE BANK LIMITED,28.81,28.01,0.8
FY2019-20,2020,UTKARSH SMALL FINANCE BANK LIMITED,22.19,19.41,2.78
FY2019-20,2020,PAYMENTS BANKS,,,
FY2019-20,2020,INDIA POST PAYMENTS BANK LIMITED,79.24,79.24,
FY2018-19,2019,ALLAHABAD BANK,12.51,9.68,2.83
FY2018-19,2019,ANDHRA BANK,13.68,10.38,3.3
FY2018-19,2019,BANK OF BARODA,13.42,11.55,1.87
FY2018-19,2019,BANK OF INDIA,14.19,11.07,3.12
FY2018-19,2019,BANK OF MAHARASHTRA,11.86,9.91,1.95
FY2018-19,2019,CANARA BANK,11.9,9.04,2.86
FY2018-19,2019,CENTRAL BANK OF INDIA,9.61,7.49,2.12
FY2018-19,2019,CORPORATION BANK,12.3,10.52,1.78
FY2018-19,2019,DENA BANK,2.0,,2.0
FY2018-19,2019,INDIAN BANK,13.21,11.29,1.92
FY2018-19,2019,INDIAN OVERSEAS BANK,10.21,7.85,2.36
FY2018-19,2019,ORIENTAL BANK OF COMMERCE,12.73,9.98,2.75
FY2018-19,2019,PUNJAB AND SIND BANK,10.93,9.5,1.43
FY2018-19,2019,PUNJAB NATIONAL BANK,9.73,7.49,2.24
FY2018-19,2019,STATE BANK OF INDIA,12.72,10.65,2.07
FY2018-19,2019,SYNDICATE BANK,14.23,11.36,2.87
FY2018-19,2019,UCO BANK,10.7,8.64,2.06
FY2018-19,2019,UNION BANK OF INDIA,11.78,9.48,2.3
FY2018-19,2019,UNITED BANK OF INDIA,13.0,10.14,2.86
FY2018-19,2019,VIJAYA BANK,10.14,8.14,2.0
FY2018-19,2019,AXIS BANK LIMITED,15.84,12.54,3.3
FY2018-19,2019,BANDHAN BANK LIMITED,29.2,27.88,1.32
FY2018-19,2019,CITY UNION BANK LIMITED,15.55,15.03,0.52
FY2018-19,2019,CSB BANK LIMITED,16.7,16.03,0.67
FY2018-19,2019,DCB BANK LIMITED,16.81,13.1,3.71
FY2018-19,2019,DHANLAXMI BANK LIMITED,13.75,10.57,3.18
FY2018-19,2019,FEDERAL BANK LTD,14.14,13.38,0.76
FY2018-19,2019,HDFC BANK LTD.,17.11,15.78,1.33
FY2018-19,2019,ICICI BANK LIMITED,16.89,15.09,1.8
FY2018-19,2019,IDBI BANK LIMITED,11.58,9.13,2.45
FY2018-19,2019,IDFC FIRST BANK LIMITED,15.47,15.28,0.19
FY2018-19,2019,INDUSIND BANK LTD,14.16,13.7,0.46
FY2018-19,2019,JAMMU & KASHMIR BANK LTD,12.46,10.6,1.86
FY2018-19,2019,KARNATAKA BANK LTD,13.17,11.17,2.0
FY2018-19,2019,KARUR VYSYA BANK LTD,16.0,14.28,1.72
FY2018-19,2019,KOTAK MAHINDRA BANK LTD.,17.45,16.93,0.52
FY2018-19,2019,LAKSHMI VILAS BANK LTD,7.72,5.72,2.0
FY2018-19,2019,NAINITAL BANK LTD,14.85,14.41,0.44
FY2018-19,2019,RBL BANK LTD,13.46,12.1,1.36
FY2018-19,2019,SOUTH INDIAN BANK LTD,12.61,9.97,2.64
FY2018-19,2019,TAMILNAD MERCANTILE BANK LTD,16.17,15.52,0.65
FY2018-19,2019,YES BANK LTD.,16.5,11.3,5.2
FY2018-19,2019,AB BANK LIMITED,33.56,33.28,0.28
FY2018-19,2019,ABU DHABI COMMERCIAL BANK PJSC,28.12,27.18,0.94
FY2018-19,2019,AMERICAN EXPRESS BANKING CORP.,24.36,14.92,9.44
FY2018-19,2019,AUSTRALIA AND NEW ZEALAND BANKING GROUP LIMITED,18.82,18.42,0.4
FY2018-19,2019,"BANK OF AMERICA , NATIONAL ASSOCIATION",24.68,23.87,0.81
FY2018-19,2019,BANK OF BAHRAIN & KUWAIT B.S.C.,25.96,25.38,0.58
FY2018-19,2019,BANK OF CEYLON,32.93,31.68,1.25
FY2018-19,2019,BANK OF NOVA SCOTIA,34.19,33.15,1.04
FY2018-19,2019,BARCLAYS BANK PLC,16.3,15.59,0.71
FY2018-19,2019,BNP PARIBAS,17.53,15.01,2.52
FY2018-19,2019,CITIBANK N.A,16.49,15.6,0.89
FY2018-19,2019,COOPERATIEVE RABOBANK U.A.,26.07,24.98,1.09
FY2018-19,2019,CREDIT AGRICOLE CORPORATE AND INVESTMENT BANK,12.74,10.26,2.48
FY2018-19,2019,CREDIT SUISSE AG,42.02,41.71,0.31
FY2018-19,2019,"CTBC BANK CO., LTD.",35.36,34.79,0.57
FY2018-19,2019,DBS BANK INDIA LIMITED,19.69,14.62,5.07
FY2018-19,2019,DEUTSCHE BANK AG,16.03,15.37,0.66
FY2018-19,2019,DOHA BANK Q.P.S.C.,30.47,29.81,0.66
FY2018-19,2019,EMIRATES NBD BANK (P.J.S.C.),63.07,62.39,0.68
FY2018-19,2019,FIRST ABU DHABI BANK PJSC,118.29,117.19,1.1
FY2018-19,2019,FIRSTRAND BANK LTD,29.18,28.54,0.64
FY2018-19,2019,HONGKONG AND SHANGHAI BANKING CORPN.LTD.,17.89,16.88,1.01
FY2018-19,2019,INDUSTRIAL AND COMMERCIAL BANK OF CHINA,31.75,31.12,0.63
FY2018-19,2019,INDUSTRIAL BANK OF KOREA,121.65,120.83,0.82
FY2018-19,2019,JPMORGAN CHASE BANK NATIONAL ASSOCIATION,20.42,19.89,0.53
FY2018-19,2019,JSC VTB BANK,232.1,231.46,0.64
FY2018-19,2019,KEB HANA BANK,65.36,64.8,0.56
FY2018-19,2019,KRUNG THAI BANK PUBLIC COMPANY LIMITED,72.13,70.88,1.25
FY2018-19,2019,MASHREQ BANK PSC,77.2,76.33,0.87
FY2018-19,2019,MIZUHO BANK LTD,24.44,23.93,0.51
FY2018-19,2019,"MUFG BANK, LTD.",21.27,20.62,0.65
FY2018-19,2019,NATIONAL AUSTRALIA BANK,591.83,591.83,
FY2018-19,2019,PT BANK MAYBANK INDONESIA TBK,122.29,121.91,0.38
FY2018-19,2019,QATAR NATIONAL BANK (Q.P.S.C),103.83,103.46,0.37
FY2018-19,2019,SBERBANK,116.99,116.3,0.69
FY2018-19,2019,SBM BANK (INDIA) LIMITED,48.84,47.17,1.67
FY2018-19,2019,SHINHAN BANK,23.5,22.96,0.54
FY2018-19,2019,SOCIETE GENERALE,16.59,15.86,0.73
FY2018-19,2019,SONALI BANK,18.78,18.61,0.17
FY2018-19,2019,STANDARD CHARTERED BANK,15.46,14.67,0.79
FY2018-19,2019,SUMITOMO MITSUI BANKING CORPORATION,30.33,29.78,0.55
FY2018-19,2019,THE ROYAL BANK OF SCOTLAND N.V.,313.3,312.76,0.54
FY2018-19,2019,UNITED OVERSEAS BANK LTD,150.79,150.27,0.52
FY2018-19,2019,WESTPAC BANKING CORPORATION,75.87,75.34,0.53
FY2018-19,2019,WOORI BANK,31.95,31.42,0.53
FY2018-19,2019,AU SMALL FINANCE BANK LIMITED,19.31,15.96,3.35
FY2018-19,2019,CAPITAL SMALL FINANCE BANK LIMITED,16.4,10.51,5.89
FY2018-19,2019,EQUITAS SMALL FINANCE BANK LIMITED,22.44,20.92,1.52
FY2018-19,2019,ESAF SMALL FINANCE BANK LIMITED,27.59,23.3,4.29
FY2018-19,2019,SURYODAY SMALL FINANCE BANK LIMITED,35.03,33.67,1.36
FY2018-19,2019,UJJIVAN SMALL FINANCE BANK LIMITED,18.94,18.39,0.55
FY2018-19,2019,UTKARSH SMALL FINANCE BANK LIMITED,24.14,20.34,3.8
FY2017-18,2018,ALLAHABAD BANK,8.69,6.69,2.0
FY2017-18,2018,ANDHRA BANK,11.0,7.44,3.56
FY2017-18,2018,BANK OF BARODA,12.13,10.46,1.67
FY2017-18,2018,BANK OF INDIA,12.94,9.73,3.21
FY2017-18,2018,BANK OF MAHARASHTRA,11.01,9.01,2.0
FY2017-18,2018,CANARA BANK,13.22,10.3,2.92
FY2017-18,2018,CENTRAL BANK OF INDIA,9.04,7.01,2.03
FY2017-18,2018,CORPORATION BANK,9.23,7.27,1.96
FY2017-18,2018,DENA BANK,11.09,8.81,2.28
FY2017-18,2018,IDBI BANK LIMITED,10.41,7.73,2.68
FY2017-18,2018,INDIAN BANK,12.55,11.33,1.22
FY2017-18,2018,INDIAN OVERSEAS BANK,9.26,7.17,2.09
FY2017-18,2018,ORIENTAL BANK OF COMMERCE,10.5,7.61,2.89
FY2017-18,2018,PUNJAB AND SIND BANK,11.25,9.85,1.4
FY2017-18,2018,PUNJAB NATIONAL BANK,9.2,7.12,2.08
FY2017-18,2018,STATE BANK OF INDIA,12.6,10.36,2.24
FY2017-18,2018,SYNDICATE BANK,12.24,9.41,2.83
FY2017-18,2018,UCO BANK,10.94,8.94,2.0
FY2017-18,2018,UNION BANK OF INDIA,11.46,9.03,2.43
FY2017-18,2018,UNITED BANK OF INDIA,12.62,9.87,2.75
FY2017-18,2018,VIJAYA BANK,13.9,11.71,2.19
FY2017-18,2018,AXIS BANK LIMITED,16.57,13.04,3.53
FY2017-18,2018,BANDHAN BANK LIMITED,31.48,30.3,1.18
FY2017-18,2018,CITY UNION BANK LIMITED,16.22,15.79,0.43
FY2017-18,2018,CSB BANK LIMITED,9.91,9.45,0.46
FY2017-18,2018,DCB BANK LIMITED,16.47,12.72,3.75
FY2017-18,2018,DHANLAXMI BANK LIMITED,13.87,10.6,3.27
FY2017-18,2018,FEDERAL BANK LTD,14.7,14.18,0.52
FY2017-18,2018,HDFC BANK LTD.,14.82,13.25,1.57
FY2017-18,2018,ICICI BANK LIMITED,18.42,15.92,2.5
FY2017-18,2018,IDFC BANK LIMITED,18.0,17.68,0.32
FY2017-18,2018,INDUSIND BANK LTD,15.03,14.58,0.45
FY2017-18,2018,JAMMU & KASHMIR BANK LTD,11.42,9.24,2.18
FY2017-18,2018,KARNATAKA BANK LTD,12.04,11.29,0.75
FY2017-18,2018,KARUR VYSYA BANK LTD,14.43,13.92,0.51
FY2017-18,2018,KOTAK MAHINDRA BANK LTD.,18.22,17.56,0.66
FY2017-18,2018,LAKSHMI VILAS BANK LTD,9.81,8.05,1.76
FY2017-18,2018,NAINITAL BANK LTD,14.95,14.51,0.44
FY2017-18,2018,RBL BANK LTD,15.33,13.61,1.72
FY2017-18,2018,SOUTH INDIAN BANK LTD,12.7,10.41,2.29
FY2017-18,2018,TAMILNAD MERCANTILE BANK LTD,14.83,14.31,0.52
FY2017-18,2018,YES BANK LTD.,18.4,13.2,5.2
FY2017-18,2018,AB BANK LIMITED,36.62,36.33,0.29
FY2017-18,2018,ABU DHABI COMMERCIAL BANK PJSC,19.02,18.43,0.59
FY2017-18,2018,AMERICAN EXPRESS BANKING CORP.,17.94,12.59,5.35
FY2017-18,2018,AUSTRALIA AND NEW ZEALAND BANKING GROUP LIMITED,25.48,25.2,0.28
FY2017-18,2018,"BANK OF AMERICA , NATIONAL ASSOCIATION",19.42,19.02,0.4
FY2017-18,2018,BANK OF BAHRAIN & KUWAIT B.S.C.,27.75,27.07,0.68
FY2017-18,2018,BANK OF CEYLON,32.96,31.71,1.25
FY2017-18,2018,BANK OF NOVA SCOTIA,24.5,23.74,0.76
FY2017-18,2018,BARCLAYS BANK PLC,17.63,17.15,0.48
FY2017-18,2018,BNP PARIBAS,15.38,13.07,2.31
FY2017-18,2018,CITIBANK N.A,17.0,16.32,0.68
FY2017-18,2018,COOPERATIEVE RABOBANK U.A.,27.29,26.48,0.81
FY2017-18,2018,CREDIT AGRICOLE CORPORATE AND INVESTMENT BANK,14.8,11.47,3.33
FY2017-18,2018,CREDIT SUISSE AG,36.81,36.5,0.31
FY2017-18,2018,"CTBC BANK CO., LTD.",46.21,45.74,0.47
FY2017-18,2018,DBS BANK INDIA LIMITED,16.14,11.34,4.8
FY2017-18,2018,DEUTSCHE BANK AG,15.22,14.63,0.59
FY2017-18,2018,DOHA BANK Q.P.S.C.,30.64,30.33,0.31
FY2017-18,2018,EMIRATES NBD BANK (P.J.S.C.),125.89,125.42,0.47
FY2017-18,2018,FIRST ABU DHABI BANK PJSC,350.07,350.0,0.07
FY2017-18,2018,FIRSTRAND BANK LTD,28.92,28.43,0.49
FY2017-18,2018,HONGKONG AND SHANGHAI BANKING CORPN.LTD.,18.48,17.82,0.66
FY2017-18,2018,INDUSTRIAL AND COMMERCIAL BANK OF CHINA,38.94,38.61,0.33
FY2017-18,2018,INDUSTRIAL BANK OF KOREA,99.16,98.46,0.7
FY2017-18,2018,JPMORGAN CHASE BANK NATIONAL ASSOCIATION,17.19,16.86,0.33
FY2017-18,2018,JSC VTB BANK,247.25,246.57,0.68
FY2017-18,2018,KEB HANA BANK,92.11,91.69,0.42
FY2017-18,2018,KRUNG THAI BANK PUBLIC COMPANY LIMITED,40.92,39.8,1.12
FY2017-18,2018,MASHREQ BANK PSC,37.27,36.39,0.88
FY2017-18,2018,MIZUHO BANK LTD,28.8,28.39,0.41
FY2017-18,2018,"MUFG BANK, LTD.",23.82,23.53,0.29
FY2017-18,2018,NATIONAL AUSTRALIA BANK,169.7,169.53,0.17
FY2017-18,2018,PT BANK MAYBANK INDONESIA TBK,126.64,126.35,0.29
FY2017-18,2018,QATAR NATIONAL BANK (Q.P.S.C),207.95,207.71,0.24
FY2017-18,2018,SBERBANK,92.47,91.73,0.74
FY2017-18,2018,SBM BANK (INDIA) LIMITED,24.72,24.0,0.72
FY2017-18,2018,SHINHAN BANK,27.91,27.34,0.57
FY2017-18,2018,SOCIETE GENERALE,18.49,12.83,5.66
FY2017-18,2018,SONALI BANK,20.41,20.15,0.26
FY2017-18,2018,STANDARD CHARTERED BANK,15.82,15.22,0.6
FY2017-18,2018,SUMITOMO MITSUI BANKING CORPORATION,37.57,37.24,0.33
FY2017-18,2018,THE ROYAL BANK OF SCOTLAND N.V.,295.68,295.19,0.49
FY2017-18,2018,UNITED OVERSEAS BANK LTD,183.02,182.76,0.26
FY2017-18,2018,WESTPAC BANKING CORPORATION,56.24,55.61,0.63
FY2017-18,2018,WOORI BANK,41.39,40.77,0.62
FY2017-18,2018,AU SMALL FINANCE BANK LIMITED,19.31,18.42,0.89
FY2017-18,2018,CAPITAL SMALL FINANCE BANK LIMITED,19.66,13.47,6.19
FY2017-18,2018,EQUITAS SMALL FINANCE BANK LIMITED,29.63,27.09,2.54
FY2017-18,2018,SURYODAY SMALL FINANCE BANK LIMITED,37.94,34.79,3.15
FY2017-18,2018,UJJIVAN SMALL FINANCE BANK LIMITED,23.04,22.32,0.72
FY2017-18,2018,UTKARSH SMALL FINANCE BANK LIMITED,17.4,12.95,4.45
FY2017-18,2018,STATE BANK OF INDIA AND ITS ASSOCIATES,,,
FY2016-17,2017,STATE BANK OF BIKANER AND JAIPUR,9.0,7.13,1.87
FY2016-17,2017,STATE BANK OF HYDERABAD,11.72,9.22,2.5
FY2016-17,2017,STATE BANK OF INDIA,13.11,10.35,2.76
FY2016-17,2017,STATE BANK OF MYSORE,12.41,8.09,4.32
FY2016-17,2017,STATE BANK OF PATIALA,11.18,7.78,3.4
FY2016-17,2017,STATE BANK OF TRAVANCORE,12.19,9.94,2.25
FY2016-17,2017,NATIONALISED BANKS,,,
FY2016-17,2017,ALLAHABAD BANK,11.45,8.49,2.96
FY2016-17,2017,ANDHRA BANK,12.38,9.17,3.21
FY2016-17,2017,BANK OF BARODA,12.24,9.93,2.31
FY2016-17,2017,BANK OF INDIA,12.14,8.9,3.24
FY2016-17,2017,BANK OF MAHARASHTRA,11.18,9.01,2.17
FY2016-17,2017,BHARATIYA MAHILA BANK LTD.,139.25,138.89,0.36
FY2016-17,2017,CANARA BANK,12.86,9.77,3.09
FY2016-17,2017,CENTRAL BANK OF INDIA,10.94,8.62,2.32
FY2016-17,2017,CORPORATION BANK,11.32,8.9,2.42
FY2016-17,2017,DENA BANK,11.39,9.05,2.34
FY2016-17,2017,IDBI BANK LIMITED,10.7,7.81,2.89
FY2016-17,2017,INDIAN BANK,13.64,12.2,1.44
FY2016-17,2017,INDIAN OVERSEAS BANK,10.49,8.21,2.28
FY2016-17,2017,ORIENTAL BANK OF COMMERCE,11.64,8.88,2.76
FY2016-17,2017,PUNJAB AND SIND BANK,11.05,9.14,1.91
FY2016-17,2017,PUNJAB NATIONAL BANK,11.66,8.91,2.75
FY2016-17,2017,SYNDICATE BANK,12.03,9.26,2.77
FY2016-17,2017,UCO BANK,10.93,8.27,2.66
FY2016-17,2017,UNION BANK OF INDIA,11.79,9.02,2.77
FY2016-17,2017,UNITED BANK OF INDIA,11.14,8.94,2.2
FY2016-17,2017,VIJAYA BANK,12.73,9.96,2.77
FY2016-17,2017,AXIS BANK LIMITED,14.95,11.87,3.08
FY2016-17,2017,BANDHAN BANK LIMITED,26.36,24.77,1.59
FY2016-17,2017,CITY UNION BANK LIMITED,15.83,15.35,0.48
FY2016-17,2017,CSB BANK LIMITED,12.15,11.54,0.61
FY2016-17,2017,DCB BANK LIMITED,13.76,11.87,1.89
FY2016-17,2017,DHANLAXMI BANK LIMITED,10.26,9.01,1.25
FY2016-17,2017,FEDERAL BANK LTD,12.39,11.81,0.58
FY2016-17,2017,HDFC BANK LTD.,14.55,12.79,1.76
FY2016-17,2017,ICICI BANK LIMITED,17.39,14.36,3.03
FY2016-17,2017,IDFC BANK LIMITED,18.9,18.54,0.36
FY2016-17,2017,INDUSIND BANK LTD,15.31,14.72,0.59
FY2016-17,2017,JAMMU & KASHMIR BANK LTD,10.8,8.7,2.1
FY2016-17,2017,KARNATAKA BANK LTD,13.3,12.21,1.09
FY2016-17,2017,KARUR VYSYA BANK LTD,12.54,11.85,0.69
FY2016-17,2017,KOTAK MAHINDRA BANK LTD.,16.77,15.9,0.87
FY2016-17,2017,LAKSHMI VILAS BANK LTD,10.38,8.75,1.63
FY2016-17,2017,NAINITAL BANK LTD,12.78,12.47,0.31
FY2016-17,2017,RBL BANK LTD,13.72,11.39,2.33
FY2016-17,2017,SOUTH INDIAN BANK LTD,12.37,10.88,1.49
FY2016-17,2017,TAMILNAD MERCANTILE BANK LTD,14.02,13.27,0.75
FY2016-17,2017,YES BANK LTD.,17.0,13.3,3.7
FY2016-17,2017,AB BANK LIMITED,32.95,32.68,0.27
FY2016-17,2017,ABU DHABI COMMERCIAL BANK PJSC,25.52,24.64,0.88
FY2016-17,2017,AMERICAN EXPRESS BANKING CORP.,20.73,13.02,7.71
FY2016-17,2017,AUSTRALIA AND NEW ZEALAND BANKING GROUP LIMITED,19.45,19.12,0.33
FY2016-17,2017,"BANK OF AMERICA , NATIONAL ASSOCIATION",19.24,18.76,0.48
FY2016-17,2017,BANK OF BAHRAIN & KUWAIT B.S.C.,24.65,24.13,0.52
FY2016-17,2017,BANK OF CEYLON,33.22,31.97,1.25
FY2016-17,2017,BANK OF NOVA SCOTIA,23.38,22.59,0.79
FY2016-17,2017,BARCLAYS BANK PLC,17.8,17.29,0.51
FY2016-17,2017,BNP PARIBAS,13.77,11.83,1.94
FY2016-17,2017,CITIBANK N.A,17.63,16.71,0.92
FY2016-17,2017,COMMONWEALTH BANK OF AUSTRALIA,144.63,144.63,
FY2016-17,2017,COOPERATIEVE RABOBANK U.A.,35.3,34.83,0.47
FY2016-17,2017,CREDIT AGRICOLE CORPORATE AND INVESTMENT BANK,16.83,13.0,3.83
FY2016-17,2017,CREDIT SUISSE AG,34.57,34.2,0.37
FY2016-17,2017,"CTBC BANK CO., LTD.",43.06,42.43,0.63
FY2016-17,2017,DBS BANK INDIA LIMITED,16.49,11.62,4.87
FY2016-17,2017,DEUTSCHE BANK AG,15.38,14.73,0.65
FY2016-17,2017,DOHA BANK Q.P.S.C.,38.52,38.29,0.23
FY2016-17,2017,FIRST ABU DHABI BANK PJSC,408.76,408.76,
FY2016-17,2017,FIRSTRAND BANK LTD,21.51,21.17,0.34
FY2016-17,2017,HONGKONG AND SHANGHAI BANKING CORPN.LTD.,18.76,18.04,0.72
FY2016-17,2017,INDUSTRIAL AND COMMERCIAL BANK OF CHINA,40.36,39.82,0.54
FY2016-17,2017,INDUSTRIAL BANK OF KOREA,140.52,139.82,0.7
FY2016-17,2017,JPMORGAN CHASE BANK NATIONAL ASSOCIATION,16.47,15.97,0.5
FY2016-17,2017,JSC VTB BANK,143.28,142.44,0.84
FY2016-17,2017,KEB HANA BANK,163.43,162.84,0.59
FY2016-17,2017,KRUNG THAI BANK PUBLIC COMPANY LIMITED,43.98,42.74,1.24
FY2016-17,2017,MASHREQ BANK PSC,43.26,42.47,0.79
FY2016-17,2017,MIZUHO BANK LTD,30.37,29.97,0.4
FY2016-17,2017,"MUFG BANK, LTD.",23.02,22.64,0.38
FY2016-17,2017,NATIONAL AUSTRALIA BANK,228.15,227.84,0.31
FY2016-17,2017,PT BANK MAYBANK INDONESIA TBK,95.1,94.72,0.38
FY2016-17,2017,SBERBANK,95.74,95.13,0.61
FY2016-17,2017,SBM BANK (INDIA) LIMITED,33.84,33.14,0.7
FY2016-17,2017,SHINHAN BANK,39.48,38.83,0.65
FY2016-17,2017,SOCIETE GENERALE,28.63,21.01,7.62
FY2016-17,2017,SONALI BANK,15.79,15.57,0.22
FY2016-17,2017,STANDARD CHARTERED BANK,14.05,13.43,0.62
FY2016-17,2017,SUMITOMO MITSUI BANKING CORPORATION,41.8,41.43,0.37
FY2016-17,2017,THE ROYAL BANK OF SCOTLAND N.V.,132.564,132.56,0.004
FY2016-17,2017,UNITED OVERSEAS BANK LTD,122.92,121.98,0.94
FY2016-17,2017,WESTPAC BANKING CORPORATION,53.76,53.23,0.53
FY2016-17,2017,WOORI BANK,86.51,86.03,0.48
FY2016-17,2017,CAPITAL SMALL FINANCE BANK LIMITED,22.95,14.47,8.48
FY2016-17,2017,EQUITAS SMALL FINANCE BANK LIMITED,35.51,32.3,3.21
FY2016-17,2017,STATE BANK OF INDIA AND ITS ASSOCIATES,,,
FY2015-16,2016,STATE BANK OF BIKANER AND JAIPUR,10.44,8.34,2.1
FY2015-16,2016,STATE BANK OF HYDERABAD,11.62,9.27,2.35
FY2015-16,2016,STATE BANK OF INDIA,13.12,9.92,3.2
FY2015-16,2016,STATE BANK OF MYSORE,12.43,9.28,3.15
FY2015-16,2016,STATE BANK OF PATIALA,10.88,7.7,3.18
FY2015-16,2016,STATE BANK OF TRAVANCORE,11.6,9.19,2.41
FY2015-16,2016,NATIONALISED BANKS,,,
FY2015-16,2016,ALLAHABAD BANK,11.02,8.41,2.61
FY2015-16,2016,ANDHRA BANK,11.58,8.81,2.77
FY2015-16,2016,BANK OF BARODA,13.18,10.79,2.39
FY2015-16,2016,BANK OF INDIA,12.01,9.03,2.98
FY2015-16,2016,BANK OF MAHARASHTRA,11.2,9.02,2.18
FY2015-16,2016,BHARATIYA MAHILA BANK LTD.,130.7,130.41,0.29
FY2015-16,2016,CANARA BANK,11.08,8.8,2.28
FY2015-16,2016,CENTRAL BANK OF INDIA,10.4,8.2,2.2
FY2015-16,2016,CORPORATION BANK,10.56,7.93,2.63
FY2015-16,2016,DENA BANK,11.0,8.59,2.41
FY2015-16,2016,IDBI BANK LIMITED,11.67,8.89,2.78
FY2015-16,2016,INDIAN BANK,13.2,12.08,1.12
FY2015-16,2016,INDIAN OVERSEAS BANK,9.67,7.75,1.92
FY2015-16,2016,ORIENTAL BANK OF COMMERCE,11.76,9.1,2.66
FY2015-16,2016,PUNJAB AND SIND BANK,10.91,9.29,1.62
FY2015-16,2016,PUNJAB NATIONAL BANK,11.28,8.41,2.87
FY2015-16,2016,SYNDICATE BANK,11.16,7.75,3.41
FY2015-16,2016,UCO BANK,9.63,7.63,2.0
FY2015-16,2016,UNION BANK OF INDIA,10.56,8.14,2.42
FY2015-16,2016,UNITED BANK OF INDIA,10.08,7.93,2.15
FY2015-16,2016,VIJAYA BANK,12.58,9.45,3.13
FY2015-16,2016,AXIS BANK LIMITED,15.29,12.51,2.78
FY2015-16,2016,BANDHAN BANK LIMITED,29.01,26.72,2.29
FY2015-16,2016,CITY UNION BANK LIMITED,15.58,15.09,0.49
FY2015-16,2016,CSB BANK LIMITED,10.55,9.76,0.79
FY2015-16,2016,DCB BANK LIMITED,14.11,12.79,1.32
FY2015-16,2016,DHANLAXMI BANK LIMITED,7.51,6.12,1.39
FY2015-16,2016,FEDERAL BANK LTD,13.93,13.36,0.57
FY2015-16,2016,HDFC BANK LTD.,15.53,13.22,2.31
FY2015-16,2016,ICICI BANK LIMITED,16.64,13.09,3.55
FY2015-16,2016,IDFC BANK LIMITED,22.04,21.5,0.54
FY2015-16,2016,INDUSIND BANK LTD,15.5,14.92,0.58
FY2015-16,2016,JAMMU & KASHMIR BANK LTD,11.81,10.6,1.21
FY2015-16,2016,KARNATAKA BANK LTD,12.03,10.56,1.47
FY2015-16,2016,KARUR VYSYA BANK LTD,12.17,11.26,0.91
FY2015-16,2016,KOTAK MAHINDRA BANK LTD.,16.34,15.28,1.06
FY2015-16,2016,LAKSHMI VILAS BANK LTD,10.67,8.69,1.98
FY2015-16,2016,NAINITAL BANK LTD,15.69,15.25,0.44
FY2015-16,2016,RBL BANK LTD,12.94,11.1,1.84
FY2015-16,2016,SOUTH INDIAN BANK LTD,11.82,9.83,1.99
FY2015-16,2016,TAMILNAD MERCANTILE BANK LTD,12.75,12.16,0.59
FY2015-16,2016,YES BANK LTD.,16.5,10.7,5.8
FY2015-16,2016,AB BANK LIMITED,28.52,27.79,0.73
FY2015-16,2016,ABU DHABI COMMERCIAL BANK PJSC,24.89,24.07,0.82
FY2015-16,2016,AMERICAN EXPRESS BANKING CORP.,21.31,11.98,9.33
FY2015-16,2016,AUSTRALIA AND NEW ZEALAND BANKING GROUP LIMITED,18.26,17.97,0.29
FY2015-16,2016,"BANK OF AMERICA , NATIONAL ASSOCIATION",14.97,14.58,0.39
FY2015-16,2016,BANK OF BAHRAIN & KUWAIT B.S.C.,27.68,27.27,0.41
FY2015-16,2016,BANK OF CEYLON,38.34,37.09,1.25
FY2015-16,2016,BANK OF NOVA SCOTIA,22.46,21.88,0.58
FY2015-16,2016,BARCLAYS BANK PLC,18.82,18.24,0.58
FY2015-16,2016,BNP PARIBAS,11.76,9.88,1.88
FY2015-16,2016,CITIBANK N.A,15.76,14.85,0.91
FY2015-16,2016,COMMONWEALTH BANK OF AUSTRALIA,35.22,34.86,0.36
FY2015-16,2016,COOPERATIEVE RABOBANK U.A.,47.05,46.7,0.35
FY2015-16,2016,CREDIT AGRICOLE CORPORATE AND INVESTMENT BANK,12.85,11.41,1.44
FY2015-16,2016,CREDIT SUISSE AG,26.17,25.62,0.55
FY2015-16,2016,"CTBC BANK CO., LTD.",42.09,41.69,0.4
FY2015-16,2016,DBS BANK INDIA LIMITED,18.64,13.01,5.63
FY2015-16,2016,DEUTSCHE BANK AG,13.73,13.03,0.7
FY2015-16,2016,DOHA BANK Q.P.S.C.,48.26,48.19,0.07
FY2015-16,2016,FIRST ABU DHABI BANK PJSC,208.06,208.06,
FY2015-16,2016,FIRSTRAND BANK LTD,25.79,25.36,0.43
FY2015-16,2016,HONGKONG AND SHANGHAI BANKING CORPN.LTD.,15.99,15.31,0.68
FY2015-16,2016,INDUSTRIAL AND COMMERCIAL BANK OF CHINA,40.2,39.59,0.61
FY2015-16,2016,INDUSTRIAL BANK OF KOREA,177.3,177.09,0.21
FY2015-16,2016,JPMORGAN CHASE BANK NATIONAL ASSOCIATION,17.47,16.94,0.53
FY2015-16,2016,JSC VTB BANK,102.49,101.59,0.9
FY2015-16,2016,KBC BANK N.V.,119.42,95.58,23.84
FY2015-16,2016,KEB HANA BANK,100.85,100.07,0.78
FY2015-16,2016,KRUNG THAI BANK PUBLIC COMPANY LIMITED,41.61,40.39,1.22
FY2015-16,2016,MASHREQ BANK PSC,45.38,44.65,0.73
FY2015-16,2016,MIZUHO BANK LTD,25.8,25.37,0.43
FY2015-16,2016,"MUFG BANK, LTD.",20.71,19.14,1.57
FY2015-16,2016,NATIONAL AUSTRALIA BANK,225.17,225.02,0.15
FY2015-16,2016,PT BANK MAYBANK INDONESIA TBK,86.63,86.31,0.32
FY2015-16,2016,SBERBANK,55.1,54.6,0.5
FY2015-16,2016,SBM BANK (INDIA) LIMITED,41.88,40.95,0.93
FY2015-16,2016,SHINHAN BANK,39.47,38.8,0.67
FY2015-16,2016,SOCIETE GENERALE,26.8,18.87,7.93
FY2015-16,2016,SONALI BANK,14.57,14.33,0.24
FY2015-16,2016,STANDARD CHARTERED BANK,12.98,12.36,0.62
FY2015-16,2016,SUMITOMO MITSUI BANKING CORPORATION,55.31,54.86,0.45
FY2015-16,2016,THE ROYAL BANK OF SCOTLAND N.V.,26.09,21.95,4.14
FY2015-16,2016,UNITED OVERSEAS BANK LTD,150.53,149.58,0.95
FY2015-16,2016,WESTPAC BANKING CORPORATION,43.72,43.26,0.46
FY2015-16,2016,WOORI BANK,78.22,77.87,0.35
FY2015-16,2016,STATE BANK OF INDIA AND ITS ASSOCIATES,,,
