financial_year,year,bank_name,gross_npa_opening,gross_npa_additions,gross_npa_reduction,gross_npa_writeoff,gross_npa_closing,net_npa_opening,net_npa_closing
FY2024-25,2025,BANK OF BARODA,31833.63,9310.13,4320.06,8988.82,27834.88,7213.34,6994.22
FY2024-25,2025,BANK OF INDIA,29182.77,7588.56,7265.87,7756.57,21748.89,6845.26,5358.49
FY2024-25,2025,BANK OF MAHARASHTRA,3833.05,1687.86,540.8,795.59,4184.52,408.990151,431.780151
FY2024-25,2025,CANARA BANK,40605.0,8544.0,3269.0,14350.0,31530.0,11823.0,7353.0
FY2024-25,2025,CENTRAL BANK OF INDIA,11340.34,3494.58,2270.78,3339.36,9224.78,3001.95,1543.25
FY2024-25,2025,INDIAN BANK,21106.31,5786.46,3839.07,4874.84,18178.86,2222.58,1109.56
FY2024-25,2025,INDIAN OVERSEAS BANK,6794.4266,3627.54,1191.41,3882.84,5347.7166,1216.85,911.86
FY2024-25,2025,PUNJAB AND SIND BANK,4665.35,822.4196,596.5571,1521.1531,3370.0594,1350.46,937.0578
FY2024-25,2025,PUNJAB NATIONAL BANK,56343.05,6761.25,6864.13,12158.57,44081.6,6798.77,4290.55
FY2024-25,2025,STATE BANK OF INDIA,84276.33,20817.57,7904.99,20308.71,76880.2,21051.08,19666.92
FY2024-25,2025,UCO BANK,6463.31,2247.91,1226.58,1566.1,5918.54,1621.65,1068.31
FY2024-25,2025,UNION BANK OF INDIA,43097.73,12073.93,8187.9,11633.38,35350.38,8989.92,5969.29
FY2024-25,2025,AXIS BANK LIMITED,14345.04,19441.97,8019.43,11806.39,13961.19,3247.47,3685.45
FY2024-25,2025,BANDHAN BANK LIMITED,4784.881723,5379.005614,1212.120205,2516.20557,6435.561562,1347.609458,1692.84292
FY2024-25,2025,CITY UNION BANK LIMITED,1854.43,814.96,834.44,196.78,1638.17,898.68,653.07
FY2024-25,2025,CSB BANK LIMITED,361.0725,228.7455,68.6945,22.6636,498.4599,124.8996,163.5307
FY2024-25,2025,DCB BANK LIMITED,1353.466,1523.9621,1203.2878,119.7094,1554.4309,454.3305,571.5502
FY2024-25,2025,DHANLAXMI BANK LIMITED,421.210612,152.262051,141.577034,67.783573,364.112056,126.467609,117.939209
FY2024-25,2025,FEDERAL BANK LTD,4528.87,1847.13,1289.24,711.22,4375.54,1255.33,1040.38
FY2024-25,2025,HDFC BANK LTD.,31173.32,31977.43,16082.31,11845.8,35222.64,8091.74,11320.43
FY2024-25,2025,ICICI BANK LIMITED,27313.86601,20201.13094,13796.95578,10194.93794,23523.10323,5377.7934,5589.413112
FY2024-25,2025,IDBI BANK LIMITED,8917.0,1923.0,3021.0,1124.0,6695.0,644.0,337.0
FY2024-25,2025,IDFC FIRST BANK LIMITED,3718.36,8054.78,2479.59,4859.97,4433.58,1160.47,1229.92
FY2024-25,2025,INDUSIND BANK LTD,6693.373554,10547.73,2114.58,4080.14,11046.38355,1968.899927,3287.139927
FY2024-25,2025,JAMMU & KASHMIR BANK LTD,3956.18,952.91,879.85,424.4,3604.84,736.83,818.03
FY2024-25,2025,KARNATAKA BANK LTD,2578.42,1206.77,1054.58,328.53,2402.08,1129.177,1004.547
FY2024-25,2025,KARUR VYSYA BANK LTD,1041.64,481.85,185.11,696.58,641.8,297.97,166.21
FY2024-25,2025,KOTAK MAHINDRA BANK LTD.,5274.777298,6378.624693,2776.419627,2743.131758,6133.850606,1270.566389,1343.434968
FY2024-25,2025,NAINITAL BANK LTD,398.67,65.01,73.95,3.53,386.2,41.88,25.92
FY2024-25,2025,RBL BANK LTD,2270.97,4112.72,987.49,2930.73,2465.47,619.3,270.79
FY2024-25,2025,SOUTH INDIAN BANK LTD,3620.34,1176.44,954.23,1042.71,2799.84,1134.58,790.52
FY2024-25,2025,TAMILNAD MERCANTILE BANK LTD,575.0565363,177.7601563,169.5951415,27.09015965,556.1313914,335.8214398,160.4478545
FY2024-25,2025,YES BANK LTD.,3982.558,5090.351,2335.275,2802.022,3935.612,1329.731,800.139
FY2024-25,2025,AB BANK PLC,,,,,,,
FY2024-25,2025,AMERICAN EXPRESS BANKING CORP.,261.8794,2006.3593,1835.8914,137.0689,295.2784,38.1327,37.8159
FY2024-25,2025,AUSTRALIA AND NEW ZEALAND BANKING GROUP LIMITED,,,,,,,
FY2024-25,2025,"BANK OF AMERICA , NATIONAL ASSOCIATION",,,,,,,
FY2024-25,2025,BANK OF BAHRAIN & KUWAIT B.S.C.,18.389702,4.708588,1.181141,16.737633,5.179516,2.889332,0.088446
FY2024-25,2025,BANK OF CEYLON,48.02,,12.32,,35.7,12.67,8.7
FY2024-25,2025,BANK OF CHINA LIMITED,,,,,,,
FY2024-25,2025,BANK OF NOVA SCOTIA,,,,,,,
FY2024-25,2025,BARCLAYS BANK PLC,0.1559,,,0.1559,,,
FY2024-25,2025,BNP PARIBAS,,,,,,,
FY2024-25,2025,CITIBANK N.A,196.0592,1282.457659,1282.50594,91.255425,104.755494,,
FY2024-25,2025,COOPERATIEVE RABOBANK U.A.,,,,,,,
FY2024-25,2025,CREDIT AGRICOLE CORPORATE AND INVESTMENT BANK,2.929,,,,2.929,,
FY2024-25,2025,"CTBC BANK CO., LTD.",,,,,,,
FY2024-25,2025,DBS BANK INDIA LIMITED,1792.6495,822.9323,476.6597,600.7796,1538.1425,125.1782,150.482607
FY2024-25,2025,DEUTSCHE BANK AG,761.7697,1117.4695,976.2496,260.6005,642.3891,190.5002,187.3697
FY2024-25,2025,DOHA BANK Q.P.S.C.,9.3734,,,,9.3734,5.4636,4.3376
FY2024-25,2025,EMIRATES NBD BANK (P.J.S.C.),,,,,,,
FY2024-25,2025,FIRST ABU DHABI BANK PJSC,,,,,,,
FY2024-25,2025,FIRSTRAND BANK LTD,,,,,,,
FY2024-25,2025,INDUSTRIAL AND COMMERCIAL BANK OF CHINA,,,,,,,
FY2024-25,2025,INDUSTRIAL BANK OF KOREA,,,,,,,
FY2024-25,2025,JPMORGAN CHASE BANK NATIONAL ASSOCIATION,,,,,,,
FY2024-25,2025,JSC VTB BANK,,,,,,,
FY2024-25,2025,KEB HANA BANK,40.41,,22.05,18.36,,,
FY2024-25,2025,KOOKMIN BANK,10.3568,,,10.3568,,,
FY2024-25,2025,MASHREQ BANK PSC,,,,,,,
FY2024-25,2025,MIZUHO BANK LTD,6.34,,,6.34,,,
FY2024-25,2025,"MUFG BANK, LTD.",,,,,,,
FY2024-25,2025,NATWEST MARKETS PLC,,,,,,,
FY2024-25,2025,NONGHYUP BANK,,,,,,,
FY2024-25,2025,PT BANK MAYBANK INDONESIA TBK,,,,,,,
FY2024-25,2025,QATAR NATIONAL BANK (Q.P.S.C),,,,,,,
FY2024-25,2025,SBERBANK,21.875,,8.308892,,13.566108,,
FY2024-25,2025,SBM BANK (INDIA) LIMITED,123.63269,70.52751,21.4128,9.831,162.9164,28.663773,45.944593
FY2024-25,2025,SHINHAN BANK,20.8607,30.350995,24.698,0.7156,25.798095,6.438755,16.334947
FY2024-25,2025,SOCIETE GENERALE,5.6371,,1.6949,,3.9422,,
FY2024-25,2025,SONALI BANK PLC,4.4977,1.4089,0.2728,,5.6338,0.2015,0.6863
FY2024-25,2025,STANDARD CHARTERED BANK,2674.368239,1648.294697,1251.256471,1054.875265,2016.5312,301.883446,285.569108
FY2024-25,2025,SUMITOMO MITSUI BANKING CORPORATION,,,,,,,
FY2024-25,2025,THE HONGKONG AND SHANGHAI BANKING CORPORATION LIMITED,458.1303,271.1092,179.024,91.2726,458.9429,50.3015,38.5962
FY2024-25,2025,UBS AG,,,,,,,
FY2024-25,2025,UNITED OVERSEAS BANK LTD,,,,,,,
FY2024-25,2025,WOORI BANK,65.7771,,7.6031,58.174,,49.3328,
FY2024-25,2025,AU SMALL FINANCE BANK LIMITED,1237.400363,3995.604386,1584.800304,1171.174591,2477.029854,441.986969,832.340435
FY2024-25,2025,CAPITAL SMALL FINANCE BANK LIMITED,170.1832,84.4301,68.7692,0.5084,185.3357,85.0792,91.8372
FY2024-25,2025,EQUITAS SMALL FINANCE BANK LIMITED,821.2772,2031.6257,958.8217,826.3513,1067.7299,360.8988,354.1952
FY2024-25,2025,ESAF SMALL FINANCE BANK LIMITED,893.0451,1699.94,77.49,1224.93,1290.5651,413.79,539.64
FY2024-25,2025,JANA SMALL FINANCE BANK LIMITED,494.334,1859.12,1251.5,352.35,749.604,130.02,254.18
FY2024-25,2025,NORTH EAST SMALL FINANCE BANK LIMITED,99.203632,194.866194,23.753644,85.552497,184.763685,67.059588,135.595512
FY2024-25,2025,SHIVALIK SMALL FINANCE BANK LIMITED,42.7089,63.7602,14.9075,11.4351,80.1265,17.6338,17.6338
FY2024-25,2025,SURYODAY SMALL FINANCE BANK LIMITED,242.371623,743.732,22.4607,229.8061,733.836823,69.871831,457.021133
FY2024-25,2025,UJJIVAN SMALL FINANCE BANK LIMITED,612.524693,1128.834724,180.03745,865.43671,695.885257,76.292231,152.426266
FY2024-25,2025,UNITY SMALL FINANCE BANK LIMITED,360.2127,696.522764,138.732699,248.57,669.432765,50.383724,169.373724
FY2024-25,2025,UTKARSH SMALL FINANCE BANK LIMITED,417.578219,2108.166175,201.057851,470.302776,1854.383767,4.489248,905.273065
FY2024-25,2025,AIRTEL PAYMENTS BANK LIMITED,,,,,,,
FY2024-25,2025,FINO PAYMENTS BANK LIMITED,,,,,,,
FY2024-25,2025,INDIA POST PAYMENTS BANK LIMITED,,,,,,,
FY2024-25,2025,PAYTM PAYMENTS BANK LIMITED,,,,,,,
FY2024-25,2025,PAYMENTS BANKS,,,,,,,
FY2023-24,2024,BANK OF BARODA,36763.7,10396.53,4729.29,10597.31,31833.63,8384.32,7213.34
FY2023-24,2024,BANK OF INDIA,37685.56,7550.76,6304.5,9749.05,29182.77,8053.61,6845.26
FY2023-24,2024,BANK OF MAHARASHTRA,4334.0,1255.2,766.18,989.97,3833.05,435.173993,408.990151
FY2023-24,2024,CANARA BANK,46159.0,10626.0,4355.0,11825.0,40605.0,14349.0,11823.0
FY2023-24,2024,CENTRAL BANK OF INDIA,18386.25,5124.35,2168.81,10001.45,11340.34,3591.72,3001.95
FY2023-24,2024,INDIAN BANK,28179.53,6769.93,5121.93,8721.22,21106.31,4043.07,2222.58
FY2023-24,2024,INDIAN OVERSEAS BANK,14071.5466,1648.51,1711.8,7213.83,6794.4266,3266.01,1216.85
FY2023-24,2024,PUNJAB AND SIND BANK,5648.21,971.19,1158.09,795.96,4665.35,1411.5,1350.46
FY2023-24,2024,PUNJAB NATIONAL BANK,77327.67,5826.2,10553.59,16257.23,56343.05,22585.04,6798.77
FY2023-24,2024,STATE BANK OF INDIA,90927.78,20316.9,10806.98,16161.37,84276.33,21466.64,21051.08
FY2023-24,2024,UCO BANK,7726.46,2072.39,1397.62,1937.92,6463.31,2018.02,1621.65
FY2023-24,2024,UNION BANK OF INDIA,60987.29,11876.65,11502.0,18264.21,43097.73,12927.44,8989.92
FY2023-24,2024,AXIS BANK LIMITED,17019.09,14404.64,8732.66,8346.03,14345.04,3439.11,3247.47
FY2023-24,2024,BANDHAN BANK LIMITED,5298.624703,5681.68,1545.08,4650.34298,4784.881723,1228.272438,1347.609458
FY2023-24,2024,CITY UNION BANK LIMITED,1920.16,1013.51,815.78,263.46,1854.43,1017.63,898.68
FY2023-24,2024,CSB BANK LIMITED,262.5604,175.7262,71.1279,6.0862,361.0725,71.8203,124.8996
FY2023-24,2024,DCB BANK LIMITED,1122.8377,1488.3881,1146.132,111.6278,1353.466,356.9195,454.3305
FY2023-24,2024,DHANLAXMI BANK LIMITED,511.149369,152.242434,151.65038,90.530811,421.210612,109.200381,126.467609
FY2023-24,2024,FEDERAL BANK LTD,4183.77,1741.53,1351.15,45.28,4528.87,1205.01,1255.33
FY2023-24,2024,HDFC BANK LTD.,18019.03,40262.1,16077.86,11029.95,31173.32,4368.43,8091.74
FY2023-24,2024,ICICI BANK LIMITED,29986.0742,18998.7893,15472.7442,6198.253294,27313.86601,5150.0699,5377.7934
FY2023-24,2024,IDBI BANK LIMITED,10969.0,3559.0,2627.0,2984.0,8917.0,1495.0,644.0
FY2023-24,2024,IDFC FIRST BANK LIMITED,3884.45,5257.78,2440.24,2983.63,3718.36,1304.05,1160.47
FY2023-24,2024,INDUSIND BANK LTD,5826.263554,6033.05,2695.34,2470.6,6693.373554,1714.959927,1968.899927
FY2023-24,2024,JAMMU & KASHMIR BANK LTD,5204.43,1111.62,1747.18,612.69,3956.18,1334.24,736.83
FY2023-24,2024,KARNATAKA BANK LTD,2292.9079,1650.2005,937.4684,427.22,2578.42,1021.2679,1129.177
FY2023-24,2024,KARUR VYSYA BANK LTD,1458.15,499.23,261.71,654.03,1041.64,468.15,297.97
FY2023-24,2024,KOTAK MAHINDRA BANK LTD.,5768.324032,5001.107355,3236.732705,2257.921384,5274.777298,1193.304984,1270.566389
FY2023-24,2024,NAINITAL BANK LTD,443.26,97.25,92.84,49.0,398.67,78.33,41.88
FY2023-24,2024,RBL BANK LTD,2419.86,2441.3,870.18,1720.01,2270.97,772.54,619.3
FY2023-24,2024,SOUTH INDIAN BANK LTD,3708.26,1395.48,1155.76,327.64,3620.34,1293.61,1134.58
FY2023-24,2024,TAMILNAD MERCANTILE BANK LTD,521.4609092,502.7742334,237.9371487,211.2414577,575.0565363,229.8252004,335.8214398
FY2023-24,2024,YES BANK LTD.,4394.572,5334.037,2984.029,2762.022,3982.558,1658.091,1329.731
FY2023-24,2024,AB BANK LIMITED,,,,,,,
FY2023-24,2024,AMERICAN EXPRESS BANKING CORP.,288.1172,1870.4554,1798.1033,98.5899,261.8794,41.4015,38.1327
FY2023-24,2024,AUSTRALIA AND NEW ZEALAND BANKING GROUP LIMITED,,,,,,,
FY2023-24,2024,"BANK OF AMERICA , NATIONAL ASSOCIATION",,7.753967129,7.753967129,,,,
FY2023-24,2024,BANK OF BAHRAIN & KUWAIT B.S.C.,18.3579,0.650442,0.420574,0.198066,18.389702,13.399332,2.889332
FY2023-24,2024,BANK OF CEYLON,48.88,,0.86,,48.02,16.13,12.67
FY2023-24,2024,BANK OF CHINA LIMITED,,,,,,,
FY2023-24,2024,BANK OF NOVA SCOTIA,0.3615,,,0.3615,,,
FY2023-24,2024,BARCLAYS BANK PLC,31.5587,,,31.4028,0.1559,,
FY2023-24,2024,BNP PARIBAS,,,,,,,
FY2023-24,2024,CITIBANK N.A,207.2972,50.5978,58.4991,3.3367,196.0592,,
FY2023-24,2024,COOPERATIEVE RABOBANK U.A.,103.9326,,44.8102,59.1224,,37.9284,
FY2023-24,2024,CREDIT AGRICOLE CORPORATE AND INVESTMENT BANK,2.929,,,,2.929,,
FY2023-24,2024,CREDIT SUISSE AG,,,,,,,
FY2023-24,2024,"CTBC BANK CO., LTD.",0.663957,,0.663957,,,,
FY2023-24,2024,DBS BANK INDIA LIMITED,2772.4209,585.9308,874.2273,691.4749,1792.6495,550.4187,125.1782
FY2023-24,2024,DEUTSCHE BANK AG,1747.9701,782.2061,961.4554,806.9511,761.7697,520.3435,190.5002
FY2023-24,2024,DOHA BANK Q.P.S.C.,26.4996,9.3734,9.3132,17.1864,9.3734,,5.4636
FY2023-24,2024,EMIRATES NBD BANK (P.J.S.C.),,3.4012,3.4012,,,,
FY2023-24,2024,FIRST ABU DHABI BANK PJSC,,,,,,,
FY2023-24,2024,FIRSTRAND BANK LTD,,,,,,,
FY2023-24,2024,INDUSTRIAL AND COMMERCIAL BANK OF CHINA,,,,,,,
FY2023-24,2024,INDUSTRIAL BANK OF KOREA,,,,,,,
FY2023-24,2024,JPMORGAN CHASE BANK NATIONAL ASSOCIATION,,,,,,,
FY2023-24,2024,JSC VTB BANK,,,,,,,
FY2023-24,2024,KEB HANA BANK,40.41,,,,40.41,,
FY2023-24,2024,KOOKMIN BANK,,10.3568,,,10.3568,,
FY2023-24,2024,KRUNG THAI BANK PUBLIC COMPANY LIMITED,,,,,,,
FY2023-24,2024,MASHREQ BANK PSC,,,,,,,
FY2023-24,2024,MIZUHO BANK LTD,6.34,,,,6.34,,
FY2023-24,2024,"MUFG BANK, LTD.",,22.6739,22.6739,,,,
FY2023-24,2024,NATWEST MARKETS PLC,,,,,,,
FY2023-24,2024,NONGHYUP BANK,,,,,,,
FY2023-24,2024,PT BANK MAYBANK INDONESIA TBK,,,,,,,
FY2023-24,2024,QATAR NATIONAL BANK (Q.P.S.C),,,,,,,
FY2023-24,2024,SBERBANK,21.875,,,,21.875,,
FY2023-24,2024,SBM BANK (INDIA) LIMITED,97.475261,90.465811,30.575456,33.732926,123.63269,16.58614,28.663773
FY2023-24,2024,SHINHAN BANK,156.224635,4.949365,7.5286,132.7847,20.8607,10.905282,6.438755
FY2023-24,2024,SOCIETE GENERALE,78.9178,,,73.2807,5.6371,,
FY2023-24,2024,SONALI BANK,4.2384,0.2687,0.0094,,4.4977,0.0063,0.2015
FY2023-24,2024,STANDARD CHARTERED BANK,3232.789947,1472.043176,1463.596355,566.868529,2674.368239,375.184017,301.883446
FY2023-24,2024,SUMITOMO MITSUI BANKING CORPORATION,,,,,,,
FY2023-24,2024,THE HONGKONG AND SHANGHAI BANKING CORPORATION LIMITED,523.5385,229.3713,194.6765,100.103,458.1303,83.2639,50.3015
FY2023-24,2024,UNITED OVERSEAS BANK LTD,55.4867,,4.9049,50.5818,,,
FY2023-24,2024,WOORI BANK,7.6031,65.7771,7.6031,,65.7771,,49.3328
FY2023-24,2024,AU SMALL FINANCE BANK LIMITED,981.312629,1698.192858,1037.109591,404.995533,1237.400363,286.158756,441.986969
FY2023-24,2024,CAPITAL SMALL FINANCE BANK LIMITED,152.6249,128.4298,110.5451,0.3264,170.1832,74.0465,85.0792
FY2023-24,2024,EQUITAS SMALL FINANCE BANK LIMITED,723.9646,1138.8712,809.5321,232.0265,821.2772,312.0164,360.8988
FY2023-24,2024,ESAF SMALL FINANCE BANK LIMITED,351.6978,894.91,47.4327,306.13,893.0451,157.89,413.79
FY2023-24,2024,FINCARE SMALL FINANCE BANK LIMITED,288.461559,594.919707,381.042233,302.806373,199.53266,113.022403,78.416494
FY2023-24,2024,JANA SMALL FINANCE BANK LIMITED,709.19,1110.96,1007.0275,318.7885,494.334,468.0044,130.02
FY2023-24,2024,NORTH EAST SMALL FINANCE BANK LIMITED,347.331611,255.24899,503.376969,,99.203632,27.163795,67.059588
FY2023-24,2024,SHIVALIK SMALL FINANCE BANK LIMITED,32.7338,16.5496,5.482,1.0925,42.7089,16.3026,17.6338
FY2023-24,2024,SURYODAY SMALL FINANCE BANK LIMITED,191.401326,196.326968,42.28191,103.074761,242.371623,92.976153,69.871831
FY2023-24,2024,UJJIVAN SMALL FINANCE BANK LIMITED,630.6094,479.779738,223.993373,273.871072,612.524693,9.0383,76.292231
FY2023-24,2024,UNITY SMALL FINANCE BANK LIMITED,3767.36379,168.4871,169.72129,3405.9169,360.2127,15.312387,50.383724
FY2023-24,2024,UTKARSH SMALL FINANCE BANK LIMITED,431.503628,469.191677,169.695376,313.42171,417.578219,50.511564,4.489248
FY2023-24,2024,AIRTEL PAYMENTS BANK LIMITED,,,,,,,
FY2023-24,2024,FINO PAYMENTS BANK LIMITED,,,,,,,
FY2023-24,2024,INDIA POST PAYMENTS BANK LIMITED,,,,,,,
FY2023-24,2024,PAYTM PAYMENTS BANK LIMITED,,,,,,,
FY2023-24,2024,PAYMENTS BANKS,,,,,,,
FY2022-23,2023,BANK OF BARODA,54059.4,11150.39,10099.27,18346.82,36763.7,13364.65,8384.32
FY2022-23,2023,BANK OF INDIA,45605.39,7968.83,7233.78,8654.88,37685.56,9851.92,8053.61
FY2022-23,2023,BANK OF MAHARASHTRA,5327.213,1629.7171,1132.354432,1490.572917,4334.002751,1276.57441,435.173993
FY2022-23,2023,CANARA BANK,55652.0,11979.0,8712.0,12760.0,46159.0,18668.0,14349.0
FY2022-23,2023,CENTRAL BANK OF INDIA,28156.22,4075.72,3587.44,10258.25,18386.25,6675.17,3591.72
FY2022-23,2023,INDIAN BANK,35214.25,7042.73,5693.03,8384.42,28179.53,8848.64,4043.07
FY2022-23,2023,INDIAN OVERSEAS BANK,15298.62,4472.431388,2276.761245,3422.743543,14071.5466,3824.63,3266.01
FY2022-23,2023,PUNJAB AND SIND BANK,8564.82,908.46,1541.78,2283.29,5648.21,1742.27,1411.5
FY2022-23,2023,PUNJAB NATIONAL BANK,92448.04,16028.92,14571.29,16578.0,77327.67,34908.73,22585.04
FY2022-23,2023,STATE BANK OF INDIA,112023.37,18420.64,15454.96,24061.27,90927.78,27965.71,21466.64
FY2022-23,2023,UCO BANK,10237.43,2096.03,2032.23,2574.77,7726.46,3315.78,2018.02
FY2022-23,2023,UNION BANK OF INDIA,79587.07,12518.6,11943.38,19175.0,60987.29,24303.3,12927.44
FY2022-23,2023,AXIS BANK LIMITED,18565.63,14253.58,9551.84,6248.28,17019.09,4745.3,3439.11
FY2022-23,2023,BANDHAN BANK LIMITED,6380.000758,9662.692987,2302.08,8441.989042,5298.624703,1564.229451,1228.272438
FY2022-23,2023,CITY UNION BANK LIMITED,1933.18,1329.03,812.5,529.55,1920.16,1191.1,1017.63
FY2022-23,2023,CSB BANK LIMITED,289.511037,81.076795,92.291258,15.736214,262.56036,106.9894,71.8214
FY2022-23,2023,DCB BANK LIMITED,1289.9347,1698.4584,1703.5125,162.0429,1122.8377,573.2306,356.9195
FY2022-23,2023,DHANLAXMI BANK LIMITED,533.536031,100.113073,117.766153,4.733582,511.149369,232.162559,109.200381
FY2022-23,2023,FEDERAL BANK LTD,4136.74,1719.13,1297.07,375.03,4183.77,1392.62,1205.01
FY2022-23,2023,HDFC BANK LTD.,16140.96,24536.31,11856.84,10801.4,18019.03,4407.68,4368.43
FY2022-23,2023,ICICI BANK LIMITED,33294.9243,18309.3833,17097.0354,4521.198,29986.0742,6931.0462,5150.0699
FY2022-23,2023,IDBI BANK LIMITED,34115.0,3750.0,4970.0,21926.0,10969.0,1864.0,1495.0
FY2022-23,2023,IDFC FIRST BANK LIMITED,4469.13,4543.05,2330.45,2797.28998,3884.44002,1808.07,1304.05
FY2022-23,2023,INDUSIND BANK LTD,5517.153876,6892.003459,2821.322314,3761.567591,5826.26743,1529.83,1714.959927
FY2022-23,2023,JAMMU & KASHMIR BANK LTD,6520.54,7446.61,7725.56,1037.16,5204.43,1750.1,1334.24
FY2022-23,2023,KARNATAKA BANK LTD,2250.8208,1836.6384,1288.2934,506.2579,2292.9079,1376.9662,1021.2679
FY2022-23,2023,KARUR VYSYA BANK LTD,3431.04,479.24,560.14,1891.99,1458.15,1260.79,468.15
FY2022-23,2023,KOTAK MAHINDRA BANK LTD.,6469.738491,3989.925541,3900.97,790.37,5768.324032,1736.712788,1193.302788
FY2022-23,2023,NAINITAL BANK LTD,507.95,122.34,178.93,8.1,443.26,163.61,78.33
FY2022-23,2023,RBL BANK LTD,2728.39,2754.7,1304.8,1758.43,2419.86,806.56,772.54
FY2022-23,2023,SOUTH INDIAN BANK LTD,3648.09,1513.22,1295.82,157.23,3708.26,1777.77,1293.61
FY2022-23,2023,TAMILNAD MERCANTILE BANK LTD,570.918549,271.351039,222.091657,98.717023,521.460909,317.581525,229.8252
FY2022-23,2023,YES BANK LTD.,27975.977,4775.111,10242.499,18114.017,4394.572,8204.532,1658.091
FY2022-23,2023,AB BANK LIMITED,,,,,,,
FY2022-23,2023,AMERICAN EXPRESS BANKING CORP.,227.3532,1986.104,1847.6865,77.6535,288.1172,20.492,41.4015
FY2022-23,2023,AUSTRALIA AND NEW ZEALAND BANKING GROUP LIMITED,25.0,,25.0,,,,
FY2022-23,2023,"BANK OF AMERICA , NATIONAL ASSOCIATION",,534.612786,534.612786,,,,
FY2022-23,2023,BANK OF BAHRAIN & KUWAIT B.S.C.,17.4644,1.0085,0.115,,18.3579,13.8187,13.399332
FY2022-23,2023,BANK OF CEYLON,53.6,,4.72,,48.88,0.002085,0.001613
FY2022-23,2023,BANK OF CHINA LIMITED,,,,,,,
FY2022-23,2023,BANK OF NOVA SCOTIA,63.5243,,,63.1628,0.3615,,
FY2022-23,2023,BARCLAYS BANK PLC,111.2171,,,79.6584,31.5587,,
FY2022-23,2023,BNP PARIBAS,6.119397,,,6.119397,,,
FY2022-23,2023,CITIBANK N.A,758.604844,531.2316,731.6891,350.8494,207.297944,275.333548,0.000901
FY2022-23,2023,COOPERATIEVE RABOBANK U.A.,150.4678,40.7187,27.4618,59.7921,103.9326,65.9048,37.9284
FY2022-23,2023,CREDIT AGRICOLE CORPORATE AND INVESTMENT BANK,2.929,,,,2.929,,
FY2022-23,2023,CREDIT SUISSE AG,,,,,,,
FY2022-23,2023,"CTBC BANK CO., LTD.",1.479957,,0.816,,0.663957,,
FY2022-23,2023,DBS BANK INDIA LIMITED,4533.8005,490.1558,647.7679,1603.7675,2772.4209,732.616996,550.418696
FY2022-23,2023,DEUTSCHE BANK AG,2731.6046,903.0175,1786.795,99.857,1747.9701,1304.5553,520.3435
FY2022-23,2023,DOHA BANK Q.P.S.C.,26.4996,,,,26.4996,8.8095,
FY2022-23,2023,EMIRATES NBD BANK (P.J.S.C.),,,,,,,
FY2022-23,2023,FIRST ABU DHABI BANK PJSC,,,,,,,
FY2022-23,2023,FIRSTRAND BANK LTD,,,,,,,
FY2022-23,2023,INDUSTRIAL AND COMMERCIAL BANK OF CHINA,,,,,,,
FY2022-23,2023,INDUSTRIAL BANK OF KOREA,,,,,,,
FY2022-23,2023,JPMORGAN CHASE BANK NATIONAL ASSOCIATION,,,,,,,
FY2022-23,2023,JSC VTB BANK,,,,,,,
FY2022-23,2023,KEB HANA BANK,40.41,,,,40.41,11.81,
FY2022-23,2023,KOOKMIN BANK,,,,,,,
FY2022-23,2023,KRUNG THAI BANK PUBLIC COMPANY LIMITED,,,,,,,
FY2022-23,2023,MASHREQ BANK PSC,,,,,,,
FY2022-23,2023,MIZUHO BANK LTD,6.34,,,,6.34,,
FY2022-23,2023,"MUFG BANK, LTD.",,,,,,,
FY2022-23,2023,NATWEST MARKETS PLC,,,,,,,
FY2022-23,2023,PT BANK MAYBANK INDONESIA TBK,,,,,,,
FY2022-23,2023,QATAR NATIONAL BANK (Q.P.S.C),53.1482,,,0.9102,52.238,,
FY2022-23,2023,SBERBANK,41.345171,,5.610011,13.86016,21.875,,
FY2022-23,2023,SBM BANK (INDIA) LIMITED,93.236964,35.995025,18.379612,13.377116,97.475261,17.134693,16.58614
FY2022-23,2023,SHINHAN BANK,153.668038,3.309054,0.708167,0.04429,156.224635,28.025515,10.905282
FY2022-23,2023,SOCIETE GENERALE,78.9178,,,,78.9178,,
FY2022-23,2023,SONALI BANK,4.2384,,,,4.2384,,0.0063
FY2022-23,2023,STANDARD CHARTERED BANK,3886.350444,1229.317933,1460.248948,422.629482,3232.789947,397.906855,375.184017
FY2022-23,2023,SUMITOMO MITSUI BANKING CORPORATION,,,,,,,
FY2022-23,2023,THE HONGKONG AND SHANGHAI BANKING CORPORATION LIMITED,643.7985,208.9508,230.6231,98.5877,523.5385,150.0981,83.2639
FY2022-23,2023,UNITED OVERSEAS BANK LTD,75.0,,19.5133,,55.4867,,
FY2022-23,2023,WOORI BANK,,7.6031,,,7.6031,,6.4626
FY2022-23,2023,AU SMALL FINANCE BANK LIMITED,924.378173,1239.882053,992.454945,190.492652,981.312629,271.845456,286.158756
FY2022-23,2023,CAPITAL SMALL FINANCE BANK LIMITED,117.1338,154.3729,118.7636,0.1182,152.6249,63.2306,74.0465
FY2022-23,2023,EQUITAS SMALL FINANCE BANK LIMITED,837.18,1087.09,790.47,409.84,723.96,479.47,312.01
FY2022-23,2023,ESAF SMALL FINANCE BANK LIMITED,949.6,719.05,820.36,496.5922,351.6978,455.96,157.89
FY2022-23,2023,FINCARE SMALL FINANCE BANK LIMITED,573.221161,596.757065,329.931528,551.585139,288.461559,249.830157,113.022403
FY2022-23,2023,JANA SMALL FINANCE BANK LIMITED,756.904,1311.145,719.908,638.955,709.186,513.2584,468.0044
FY2022-23,2023,NORTH EAST SMALL FINANCE BANK LIMITED,189.9232,266.5174,10.7107,98.3983,347.3316,57.435,27.1638
FY2022-23,2023,SHIVALIK SMALL FINANCE BANK LIMITED,32.5066,13.8563,8.1834,5.4457,32.7338,14.7698,16.3026
FY2022-23,2023,SURYODAY SMALL FINANCE BANK LIMITED,597.421925,505.2,206.7,704.520599,191.401326,283.366568,92.976153
FY2022-23,2023,UJJIVAN SMALL FINANCE BANK LIMITED,1284.0773,334.9931,505.7459,482.7151,630.6094,99.5979,9.0383
FY2022-23,2023,UNITY SMALL FINANCE BANK LIMITED,3773.2996,151.3005,148.4233,8.8135,3767.3633,196.8943,15.3051
FY2022-23,2023,UTKARSH SMALL FINANCE BANK LIMITED,648.156909,521.086653,354.958496,382.781438,431.503628,235.795461,50.511564
FY2022-23,2023,AIRTEL PAYMENTS BANK LIMITED,,,,,,,
FY2022-23,2023,FINO PAYMENTS BANK LIMITED,,,,,,,
FY2022-23,2023,INDIA POST PAYMENTS BANK LIMITED,,,,,,,
FY2022-23,2023,PAYTM PAYMENTS BANK LIMITED,,,,,,,
FY2022-23,2023,PAYMENTS BANKS,,,,,,,
FY2021-22,2022,BANK OF BARODA,66670.99,14255.33,8448.15,18418.77,54059.4,21799.88,13364.65
FY2021-22,2022,BANK OF INDIA,56534.94,8834.65,9440.26,10323.94,45605.39,12494.24,9851.93
FY2021-22,2022,BANK OF MAHARASHTRA,7779.6793,2182.3567,1517.266,3117.557,5327.213,2544.32,1276.57
FY2021-22,2022,CANARA BANK,60288.0,13890.0,10104.0,8422.0,55652.0,24442.0,18668.0
FY2021-22,2022,CENTRAL BANK OF INDIA,29276.96,4717.93,4603.17,1235.5,28156.22,9036.45,6675.17
FY2021-22,2022,INDIAN BANK,38455.35,10164.66,5059.19,8346.57,35214.25,12271.13,8848.64
FY2021-22,2022,INDIAN OVERSEAS BANK,16323.18,5030.84,2341.4,3714.0,15298.62,4577.59,3824.63
FY2021-22,2022,PUNJAB AND SIND BANK,9334.0,2064.63,1700.27,1133.54,8564.82,2461.95,1742.27
FY2021-22,2022,PUNJAB NATIONAL BANK,104423.42,24743.67,14719.91,21999.14,92448.04,38575.7,34908.73
FY2021-22,2022,STATE BANK OF INDIA,126389.02,25021.23,19720.66,19666.22,112023.37,36809.72,27965.71
FY2021-22,2022,UCO BANK,11351.97,6122.62,3385.93,3851.23,10237.43,4389.5,3315.78
FY2021-22,2022,UNION BANK OF INDIA,89788.2,22877.39,13594.09,19484.43,79587.07,27280.52,24303.3
FY2021-22,2022,AXIS BANK LIMITED,22681.69,18915.68,13906.13,9125.61,18565.63,6584.59,4745.3
FY2021-22,2022,BANDHAN BANK LIMITED,5757.760073,9430.27,5561.166704,3246.862611,6380.000758,2861.026154,1564.229451
FY2021-22,2022,CITY UNION BANK LIMITED,1893.19,1275.68,606.27,629.42,1933.18,1075.19,1191.1
FY2021-22,2022,CSB BANK LIMITED,393.4943,118.7078,127.7321,94.959,289.511,168.81,106.9894
FY2021-22,2022,DCB BANK LIMITED,1083.4366,1771.9121,1476.9672,88.4468,1289.9347,594.15,573.2306
FY2021-22,2022,DHANLAXMI BANK LIMITED,657.206697,365.623194,406.475755,82.818105,533.536031,322.922381,232.162559
FY2021-22,2022,FEDERAL BANK LTD,4602.39,1880.81,1534.75,811.71,4136.74,1569.28,1392.62
FY2021-22,2022,HDFC BANK LTD.,15086.0,26861.43,16376.6,9429.87,16140.96,4554.82,4407.68
FY2021-22,2022,ICICI BANK LIMITED,40841.4196,19291.0195,16689.7242,10147.7906,33294.9243,9117.6637,6931.0462
FY2021-22,2022,IDBI BANK LIMITED,36212.0,5866.0,5074.0,2889.0,34115.0,2519.38,1861.38
FY2021-22,2022,IDFC FIRST BANK LIMITED,4303.008955,7551.875553,3184.174287,4201.564731,4469.14549,1883.27502,1808.05887
FY2021-22,2022,INDUSIND BANK LTD,5794.99,10102.871924,5995.600477,4385.107571,5517.153876,1476.562678,1529.826013
FY2021-22,2022,JAMMU & KASHMIR BANK LTD,6954.75,3130.87,2801.68,763.4,6520.54,1969.33,1750.1
FY2021-22,2022,KARNATAKA BANK LTD,2588.4144,1552.8644,1215.398,675.06,2250.8208,1645.0522,1376.9662
FY2021-22,2022,KARUR VYSYA BANK LTD,4142.87,842.73,675.89,878.67,3431.04,1719.39,1260.79
FY2021-22,2022,KOTAK MAHINDRA BANK LTD.,7425.508491,4316.13,4042.31,1229.59,6469.738491,2705.172788,1736.712788
FY2021-22,2022,NAINITAL BANK LTD,650.67,129.97,152.82,119.87,507.95,206.93,163.61
FY2021-22,2022,RBL BANK LTD,2601.53,3943.44,1522.74,2293.84,2728.39,1241.35,806.56
FY2021-22,2022,SOUTH INDIAN BANK LTD,4143.24,2159.23,1952.74,701.64,3648.09,2734.52,1777.77
FY2021-22,2022,TAMILNAD MERCANTILE BANK LTD,1084.78,518.16,711.13,320.89,570.92,613.82,317.58
FY2021-22,2022,YES BANK LTD.,28609.529,5795.392,5458.031,970.913,27975.977,9813.359,8204.532
FY2021-22,2022,AB BANK LIMITED,,,,,,,
FY2021-22,2022,ABU DHABI COMMERCIAL BANK PJSC,,,,,,,
FY2021-22,2022,AMERICAN EXPRESS BANKING CORP.,253.3102,686.6966,497.5001,215.1535,227.3532,40.7576,20.492
FY2021-22,2022,AUSTRALIA AND NEW ZEALAND BANKING GROUP LIMITED,25.0,,,,25.0,,
FY2021-22,2022,"BANK OF AMERICA , NATIONAL ASSOCIATION",,,,,,,
FY2021-22,2022,BANK OF BAHRAIN & KUWAIT B.S.C.,14.1571,16.7377,4.5511,8.8793,17.4644,2.0087,13.8187
FY2021-22,2022,BANK OF CEYLON,33.399528,22.536391,2.330078,,53.605841,24.44,20.85
FY2021-22,2022,BANK OF CHINA LIMITED,,,,,,,
FY2021-22,2022,BANK OF NOVA SCOTIA,63.5243,,,,63.5243,,
FY2021-22,2022,BARCLAYS BANK PLC,268.2164,56.6894,50.5733,163.1154,111.2171,30.344,
FY2021-22,2022,BNP PARIBAS,6.89866,,,0.779263,6.119397,,
FY2021-22,2022,CITIBANK N.A,990.935476,954.051906,610.473718,575.90882,758.604844,446.934345,275.333548
FY2021-22,2022,COOPERATIEVE RABOBANK U.A.,372.273,27.5168,74.48,174.842,150.4678,251.9423,65.9048
FY2021-22,2022,CREDIT AGRICOLE CORPORATE AND INVESTMENT BANK,2.929,,,,2.929,,
FY2021-22,2022,CREDIT SUISSE AG,,,,,,,
FY2021-22,2022,"CTBC BANK CO., LTD.",1.772457,,0.2925,,1.479957,,
FY2021-22,2022,DBS BANK INDIA LIMITED,5333.1555,620.0254,1419.3804,,4533.8005,1045.4753,707.9814
FY2021-22,2022,DEUTSCHE BANK AG,1456.6177,3046.1726,1558.642,212.5437,2731.6046,453.3866,1304.5553
FY2021-22,2022,DOHA BANK Q.P.S.C.,26.4996,,,,26.4996,13.9199,8.8095
FY2021-22,2022,EMIRATES NBD BANK (P.J.S.C.),,,,,,,
FY2021-22,2022,FIRST ABU DHABI BANK PJSC,,,,,,,
FY2021-22,2022,FIRSTRAND BANK LTD,28.0,,,28.0,,,
FY2021-22,2022,HONGKONG AND SHANGHAI BANKING CORPN.LTD.,912.6039,438.0136,472.613,234.206,643.7985,290.229,150.0981
FY2021-22,2022,INDUSTRIAL AND COMMERCIAL BANK OF CHINA,,,,,,,
FY2021-22,2022,INDUSTRIAL BANK OF KOREA,,,,,,,
FY2021-22,2022,JPMORGAN CHASE BANK NATIONAL ASSOCIATION,,,,,,,
FY2021-22,2022,JSC VTB BANK,,,,,,,
FY2021-22,2022,KEB HANA BANK,40.41,,,,40.41,16.53,11.81
FY2021-22,2022,KOOKMIN BANK,,,,,,,
FY2021-22,2022,KRUNG THAI BANK PUBLIC COMPANY LIMITED,,,,,,,
FY2021-22,2022,MASHREQ BANK PSC,,,,,,,
FY2021-22,2022,MIZUHO BANK LTD,6.34,,,,6.34,,
FY2021-22,2022,"MUFG BANK, LTD.",,,,,,,
FY2021-22,2022,PT BANK MAYBANK INDONESIA TBK,17.781835,,,17.781835,,,
FY2021-22,2022,QATAR NATIONAL BANK (Q.P.S.C),50.0,3.1482,,,53.1482,,
FY2021-22,2022,SBERBANK,91.633649,,0.27897,50.009509,41.34517,,
FY2021-22,2022,SBM BANK (INDIA) LIMITED,88.4297,29.2893,5.673636,18.8084,93.236964,28.745593,17.134693
FY2021-22,2022,SHINHAN BANK,128.2451,41.228388,15.80545,,153.668038,23.9556,28.025515
FY2021-22,2022,SOCIETE GENERALE,78.9178,,,,78.9178,,
FY2021-22,2022,SONALI BANK,4.293,,,,4.293,0.6253,
FY2021-22,2022,STANDARD CHARTERED BANK,4673.731429,2380.606392,1843.145942,1324.84152,3886.350359,531.958805,397.906854
FY2021-22,2022,SUMITOMO MITSUI BANKING CORPORATION,,,,,,,
FY2021-22,2022,THE ROYAL BANK OF SCOTLAND N.V.,,,,,,,
FY2021-22,2022,UNITED OVERSEAS BANK LTD,75.0,,,,75.0,,
FY2021-22,2022,WOORI BANK,,,,,,,
FY2021-22,2022,AU SMALL FINANCE BANK LIMITED,1502.829069,1442.124545,1832.959165,187.616276,924.378173,755.454682,271.845456
FY2021-22,2022,CAPITAL SMALL FINANCE BANK LIMITED,78.2433,78.1127,39.1558,0.0664,117.1338,42.1421,63.2306
FY2021-22,2022,EQUITAS SMALL FINANCE BANK LIMITED,642.78,1389.33,834.47,360.46,837.18,266.17,479.47
FY2021-22,2022,ESAF SMALL FINANCE BANK LIMITED,564.0,642.46,182.4,74.46,949.6,316.58,455.96
FY2021-22,2022,FINCARE SMALL FINANCE BANK LIMITED,353.58312,1098.460086,509.314039,369.508006,573.221161,148.414789,249.830157
FY2021-22,2022,JANA SMALL FINANCE BANK LIMITED,857.984,1304.235,819.986,585.329,756.904,618.675,513.2584
FY2021-22,2022,NORTH EAST SMALL FINANCE BANK LIMITED,191.6624,97.4369,18.5673,80.6088,189.9232,112.451,57.435
FY2021-22,2022,SHIVALIK SMALL FINANCE BANK LIMITED,,49.4411,16.9263,0.0082,32.5066,,14.7698
FY2021-22,2022,SURYODAY SMALL FINANCE BANK LIMITED,393.676963,537.263087,101.788422,231.729703,597.421925,188.120801,283.366568
FY2021-22,2022,UJJIVAN SMALL FINANCE BANK LIMITED,1070.5976,2088.35,1086.2904,788.5799,1284.0773,424.5839,99.5979
FY2021-22,2022,UTKARSH SMALL FINANCE BANK LIMITED,315.288713,656.426281,101.56999,221.988095,648.156909,108.817475,235.795461
FY2021-22,2022,AIRTEL PAYMENTS BANK LIMITED,,,,,,,
FY2021-22,2022,FINO PAYMENTS BANK LIMITED,,,,,,,
FY2021-22,2022,INDIA POST PAYMENTS BANK LIMITED,,,,,,,
FY2021-22,2022,PAYTM PAYMENTS BANK LIMITED,,,,,,,
FY2021-22,2022,PAYMENTS BANKS,,,,,,,
FY2020-21,2021,BANK OF BARODA,69381.43,20005.12,7290.06,15425.51,66670.98,21576.59,21799.89
FY2020-21,2021,BANK OF INDIA,61549.93,8540.03,4823.56,8731.46,56534.94,14320.1,12262.02
FY2020-21,2021,BANK OF MAHARASHTRA,12152.15,2202.39,1643.72,4931.14,7779.68,4145.38,2544.32
FY2020-21,2021,CANARA BANK*,61127.0,17885.0,9592.0,9132.0,60288.0,26755.0,24442.0
FY2020-21,2021,CENTRAL BANK OF INDIA,32589.08,6448.53,3768.21,5992.44,29276.96,11534.46,9036.45
FY2020-21,2021,INDIAN BANK*,41997.71,9429.55,4600.56,8371.35,38455.35,14272.33,12271.13
FY2020-21,2021,INDIAN OVERSEAS BANK,19912.7,3175.35,2146.66,4618.21,16323.18,6602.8,4577.59
FY2020-21,2021,PUNJAB AND SIND BANK,8874.57,1556.71,1026.71,70.57,9334.0,4684.15,2461.95
FY2020-21,2021,PUNJAB NATIONAL BANK*,73478.76,60626.21,13804.57,15876.98,104423.42,27218.9,38575.7
FY2020-21,2021,STATE BANK OF INDIA,149091.85,28563.45,16864.08,34402.2,126389.02,51871.3,36809.72
FY2020-21,2021,UCO BANK,19281.95,3102.06,1621.65,9410.39,11351.97,5510.66,4389.51
FY2020-21,2021,UNION BANK OF INDIA*,97192.54,17442.68,7864.37,16982.65,89788.2,31324.63,27280.52
FY2020-21,2021,AXIS BANK LIMITED,26604.1,16109.99,8015.37,12017.03,22681.69,9251.99,6584.59
FY2020-21,2021,BANDHAN BANK LIMITED,992.779265,6887.84,84.508468,2038.350724,5757.760073,389.396154,2861.026154
FY2020-21,2021,CITY UNION BANK LIMITED,1413.4,1113.05,221.39,411.87,1893.19,778.49,1075.19
FY2020-21,2021,CSB BANK LIMITED,409.434,192.1203,81.28,126.78,393.4943,216.94,168.81
FY2020-21,2021,DCB BANK LIMITED,631.513296,686.158631,107.916306,126.319021,1083.4366,293.51,594.15
FY2020-21,2021,DHANLAXMI BANK LIMITED,401.222489,391.235188,121.512421,13.735256,657.21,100.943316,322.922381
FY2020-21,2021,FEDERAL BANK LTD,3530.83,1921.9,452.83,397.51,4602.39,1607.17,1569.28
FY2020-21,2021,HDFC BANK LTD.,12649.97,16040.01,4314.9,9289.08,15086.0,3542.36,4554.82
FY2020-21,2021,ICICI BANK LIMITED,40829.09,16048.2246,6529.2673,9506.6277,40841.4196,9923.2411,9117.6637
FY2020-21,2021,IDBI BANK LIMITED,47272.0,2631.66,5300.28,8391.75,36211.63,5439.49,2519.38
FY2020-21,2021,IDFC FIRST BANK LIMITED,2279.561536,5626.758335,931.322507,2671.988409,4303.008955,808.566324,1883.27502
FY2020-21,2021,INDUSIND BANK LTD,5146.7441,7664.067,2960.535,4055.2861,5794.99,1886.581478,1476.562678
FY2020-21,2021,JAMMU & KASHMIR BANK LTD,7671.62,1106.89,607.32,1216.44,6954.75,2243.82,1969.33
FY2020-21,2021,KARNATAKA BANK LTD,2799.9344,1346.37,404.49,1153.4,2588.4144,1755.6849,1645.0522
FY2020-21,2021,KARUR VYSYA BANK LTD,4212.77,959.35,410.31,618.94,4142.87,1808.65,1719.39
FY2020-21,2021,KOTAK MAHINDRA BANK LTD.,5026.891667,5488.317706,2461.656571,628.044311,7425.508491,1557.887395,2705.172788
FY2020-21,2021,NAINITAL BANK LTD,536.03,176.94,62.3,,650.67,184.14,206.93
FY2020-21,2021,RBL BANK LTD,2136.52,3147.83,1007.8,1675.02,2601.53,1189.37,1241.35
FY2020-21,2021,SOUTH INDIAN BANK LTD,3261.77,2339.99,323.84,1134.68,4143.24,2150.78,2734.52
FY2020-21,2021,TAMILNAD MERCANTILE BANK LTD,1020.98,574.96,118.57,392.59,1084.78,497.47,613.82
FY2020-21,2021,YES BANK LTD.,32877.588,12034.789,4062.702,12240.144,28609.531,8623.78,9813.359
FY2020-21,2021,AB BANK LIMITED,,,,,,,
FY2020-21,2021,ABU DHABI COMMERCIAL BANK PJSC,,,,,,,
FY2020-21,2021,AMERICAN EXPRESS BANKING CORP.,80.1169,404.9789,104.7772,127.0084,253.3102,36.8585,40.7576
FY2020-21,2021,AUSTRALIA AND NEW ZEALAND BANKING GROUP LIMITED,25.0,,,,25.0,,
FY2020-21,2021,"BANK OF AMERICA , NATIONAL ASSOCIATION",,,,,,,
FY2020-21,2021,BANK OF BAHRAIN & KUWAIT B.S.C.,78.6475,3.0012,6.2416,61.25,14.1571,6.582,2.0087
FY2020-21,2021,BANK OF CEYLON,20.13,14.8,,1.54,33.39,15.99,24.44
FY2020-21,2021,BANK OF CHINA LIMITED,,,,,,,
FY2020-21,2021,BANK OF NOVA SCOTIA,68.0453,,4.521,,63.5243,,
FY2020-21,2021,BARCLAYS BANK PLC,339.0701,50.5733,48.1195,73.3075,268.2164,,30.344
FY2020-21,2021,BNP PARIBAS,6.89866,,,,6.89866,,
FY2020-21,2021,CITIBANK N.A,961.04,852.73,452.73,370.1,990.94,370.51,446.93
FY2020-21,2021,COOPERATIEVE RABOBANK U.A.,169.811,202.462,,,372.273,79.4803,251.9423
FY2020-21,2021,CREDIT AGRICOLE CORPORATE AND INVESTMENT BANK,2.929,,,,2.929,,
FY2020-21,2021,CREDIT SUISSE AG,,,,,,,
FY2020-21,2021,"CTBC BANK CO., LTD.",2.576832,,0.804375,,1.772457,,
FY2020-21,2021,DBS BANK INDIA LIMITED,507.5666,5229.9893,157.492,246.9084,5333.1555,89.6638,1045.4753
FY2020-21,2021,DEUTSCHE BANK AG,1510.2753,709.6128,277.9191,485.3513,1456.6177,668.3155,453.3866
FY2020-21,2021,DOHA BANK Q.P.S.C.,8.8807,17.6189,,,26.4996,,13.9199
FY2020-21,2021,EMIRATES NBD BANK (P.J.S.C.),,,,,,,
FY2020-21,2021,FIRST ABU DHABI BANK PJSC,,,,,,,
FY2020-21,2021,FIRSTRAND BANK LTD,28.0,,,,28.0,,
FY2020-21,2021,HONGKONG AND SHANGHAI BANKING CORPN.LTD.,669.3266,592.6666,164.2343,185.155,912.6039,126.192,290.229
FY2020-21,2021,INDUSTRIAL AND COMMERCIAL BANK OF CHINA,35.2404,,,35.2404,,22.9062,
FY2020-21,2021,INDUSTRIAL BANK OF KOREA,,,,,,,
FY2020-21,2021,JPMORGAN CHASE BANK NATIONAL ASSOCIATION,,,,,,,
FY2020-21,2021,JSC VTB BANK,,,,,,,
FY2020-21,2021,KEB HANA BANK,53.4097,,,13.0,40.4097,20.6625,16.53
FY2020-21,2021,KOOKMIN BANK,,,,,,,
FY2020-21,2021,KRUNG THAI BANK PUBLIC COMPANY LIMITED,,,,,,,
FY2020-21,2021,MASHREQ BANK PSC,,,,,,,
FY2020-21,2021,MIZUHO BANK LTD,6.34,,,,6.34,,
FY2020-21,2021,"MUFG BANK, LTD.",,,,,,,
FY2020-21,2021,PT BANK MAYBANK INDONESIA TBK,17.781835,,,,17.781835,,
FY2020-21,2021,QATAR NATIONAL BANK (Q.P.S.C),,50.0,,,50.0,,40.0
FY2020-21,2021,SBERBANK,91.846265,,0.212616,,91.633649,,
FY2020-21,2021,SBM BANK (INDIA) LIMITED,115.5766,0.7396,16.1891,11.6974,88.4297,39.288893,28.745593
FY2020-21,2021,SHINHAN BANK,100.0377,29.0547,0.8473,,128.2451,0.0283,23.9556
FY2020-21,2021,SOCIETE GENERALE,78.9178,,,,78.9178,,
FY2020-21,2021,SONALI BANK,4.6107,,0.3177,,4.293,1.1214,0.6253
FY2020-21,2021,STANDARD CHARTERED BANK,5151.236258,4680.172086,3460.726238,1696.950684,4673.731422,608.91304,531.95886
FY2020-21,2021,SUMITOMO MITSUI BANKING CORPORATION,,,,,,,
FY2020-21,2021,THE ROYAL BANK OF SCOTLAND N.V.,,,,,,,
FY2020-21,2021,UNITED OVERSEAS BANK LTD,75.0,,,,75.0,,
FY2020-21,2021,WOORI BANK,,,,,,,
FY2020-21,2021,AU SMALL FINANCE BANK LIMITED,457.784866,1285.777236,126.117012,114.614888,1502.830202,217.302322,755.454682
FY2020-21,2021,CAPITAL SMALL FINANCE BANK LIMITED,58.5069,24.8532,5.1,0.0168,78.2433,41.2497,42.1421
FY2020-21,2021,EQUITAS SMALL FINANCE BANK LIMITED,417.32,589.37,119.18,244.73,642.78,228.62,266.17
FY2020-21,2021,ESAF SMALL FINANCE BANK LIMITED,100.8604,473.465,10.3281,,563.9973,42.17,316.5782
FY2020-21,2021,FINCARE SMALL FINANCE BANK LIMITED,44.713482,357.117628,14.316972,33.931018,353.58312,19.755146,148.414789
FY2020-21,2021,JANA SMALL FINANCE BANK LIMITED,320.81,828.19,58.31,232.7,857.99,140.382246,618.672246
FY2020-21,2021,NORTH EAST SMALL FINANCE BANK LIMITED,26.285,170.0752,4.6978,,191.6624,16.2114,112.451
FY2020-21,2021,SURYODAY SMALL FINANCE BANK LIMITED,101.250418,398.901068,9.525101,96.949422,393.676963,20.374053,188.120801
FY2020-21,2021,UJJIVAN SMALL FINANCE BANK LIMITED,137.140987,1032.803074,25.499894,73.846629,1070.597538,27.489397,424.583955
FY2020-21,2021,UTKARSH SMALL FINANCE BANK LIMITED,44.655314,309.579152,3.619939,35.325814,315.288713,11.092825,108.817475
FY2020-21,2021,FINO PAYMENTS BANK LIMITED,,,,,,,
FY2020-21,2021,INDIA POST PAYMENTS BANK LIMITED,,,,,,,
FY2020-21,2021,PAYMENTS BANKS,,,,,,,
FY2019-20,2020,ALLAHABAD BANK,28704.78,13246.13,5101.06,9002.98,27846.87,7419.31,8088.09
FY2019-20,2020,ANDHRA BANK,28973.97,5899.84,1970.69,4194.58,28708.54,9091.4,7764.52
FY2019-20,2020,BANK OF BARODA*,48232.76,45006.65,7971.92,15886.06,69381.43,15609.5,21576.6
FY2019-20,2020,BANK OF INDIA,60661.12,16328.81,7812.51,7627.49,61549.93,19118.96,14320.1
FY2019-20,2020,BANK OF MAHARASHTRA,15324.49,4040.6,1515.34,5697.6,12152.15,4559.33,4145.38
FY2019-20,2020,CANARA BANK,39224.12,15044.75,9730.2,7497.52,37041.15,22955.11,18250.95
FY2019-20,2020,CENTRAL BANK OF INDIA,32356.04,8150.61,3748.38,4169.19,32589.08,11333.24,11534.46
FY2019-20,2020,CORPORATION BANK,20723.68,4336.27,1847.3,3813.63,19399.02,6926.64,6256.97
FY2019-20,2020,INDIAN BANK,13353.434519,5320.5045,1491.5098,3031.6067,14150.822519,6793.1144,6184.2444
FY2019-20,2020,INDIAN OVERSEAS BANK,33398.12,7225.33,4304.14,16406.61,19912.7,14368.3,6602.8
FY2019-20,2020,ORIENTAL BANK OF COMMERCE,21717.07,6120.14,2735.22,3350.84,21751.15,9439.62,7909.41
FY2019-20,2020,PUNJAB AND SIND BANK,8605.87,2908.56,858.99,1780.87,8874.57,4994.23,4684.15
FY2019-20,2020,PUNJAB NATIONAL BANK,78472.7,20751.25,12380.1,13365.09,73478.76,30037.66,27218.9
FY2019-20,2020,STATE BANK OF INDIA,172750.36,49826.28,21122.42,52362.37,149091.85,65894.74,51871.3
FY2019-20,2020,SYNDICATE BANK,24680.37,9112.46,4772.65,4933.7,24086.48,12627.73,8504.7
FY2019-20,2020,UCO BANK,29888.33,6181.38,4308.67,12479.09,19281.95,9649.92,5510.66
FY2019-20,2020,UNION BANK OF INDIA,48729.15,14911.44,6137.81,8417.48,49085.3,20332.42,17303.14
FY2019-20,2020,UNITED BANK OF INDIA,12053.38,4053.08,1882.63,4288.6,9935.23,5785.61,3191.22
FY2019-20,2020,AXIS BANK LIMITED,29789.44,19915.01,9301.36,10169.27,30233.82,11275.6,9360.41
FY2019-20,2020,BANDHAN BANK LIMITED,933.996487,926.01,212.21,655.017222,992.779265,289.296487,389.396154
FY2019-20,2020,CITY UNION BANK LIMITED,977.05,1110.47,300.27,373.85,1413.4,591.46,778.49
FY2019-20,2020,CSB BANK LIMITED,530.62,181.78,104.7,198.27,409.43,240.68,216.94
FY2019-20,2020,DCB BANK LIMITED,439.479198,664.051841,351.779376,120.238367,631.513296,153.77,293.51
FY2019-20,2020,DHANLAXMI BANK LIMITED,495.84,167.59,158.956048,103.249713,401.224239,151.71,100.94
FY2019-20,2020,FEDERAL BANK LTD,3260.68,1918.8,914.46,734.19,3530.83,1626.2,1607.17
FY2019-20,2020,HDFC BANK LTD.,11224.16,17563.13,7882.83,8254.49,12649.97,3214.52,3542.36
FY2019-20,2020,ICICI BANK LIMITED,45676.0423,13801.9984,7697.0968,10951.8539,40829.09,13449.7235,9923.2411
FY2019-20,2020,IDBI BANK LIMITED,50027.94,11021.99,7841.65,5935.91,47272.37,14837.44,5439.49
FY2019-20,2020,IDFC FIRST BANK LIMITED,2136.044377,2693.49423,1039.75,1510.23,2279.558607,1106.634498,808.574498
FY2019-20,2020,INDUSIND BANK LTD,3947.4134,5829.87,2091.7313,2538.81,5146.7421,2248.277,1886.581478
FY2019-20,2020,JAMMU & KASHMIR BANK LTD,6221.35,4053.79,2536.3127,67.1973,7671.63,3239.61,2181.36
FY2019-20,2020,KARNATAKA BANK LTD,2456.3781,1998.584,564.1912,1090.8365,2799.9344,1616.7114,1755.0114
FY2019-20,2020,KARUR VYSYA BANK LTD,4449.57,1602.25,877.73,961.32,4212.77,2420.34,1808.65
FY2019-20,2020,KOTAK MAHINDRA BANK LTD.,4467.940147,3394.974772,1899.537739,936.485513,5026.891667,1544.373665,1557.887395
FY2019-20,2020,LAKSHMI VILAS BANK LTD,3358.99,1553.24,659.92,19.0,4233.31,1506.29,1387.86
FY2019-20,2020,NAINITAL BANK LTD,388.22,181.68,33.87,,536.03,199.52,184.14
FY2019-20,2020,RBL BANK LTD,754.62,3359.1,724.25,1252.95,2136.52,372.74,1189.37
FY2019-20,2020,SOUTH INDIAN BANK LTD,3131.66,1369.59,371.97,867.51,3261.77,2163.62,2150.78
FY2019-20,2020,TAMILNAD MERCANTILE BANK LTD,1168.11,554.66,335.88,365.91,1020.98,636.51,497.47
FY2019-20,2020,YES BANK LTD.,7882.56,37272.486,5435.459,6841.998,32877.589,4484.85,8623.78
FY2019-20,2020,AB BANK LIMITED,8.898,,,8.898,,,
FY2019-20,2020,ABU DHABI COMMERCIAL BANK PJSC,53.3766,74.6765,64.3669,63.6862,,39.9503,
FY2019-20,2020,AMERICAN EXPRESS BANKING CORP.,199.5881,1252.4459,1191.7138,180.2033,80.1169,108.2073,36.8585
FY2019-20,2020,AUSTRALIA AND NEW ZEALAND BANKING GROUP LIMITED,99.9674,,,74.9674,25.0,,
FY2019-20,2020,"BANK OF AMERICA , NATIONAL ASSOCIATION",,0.2236,0.2236,,,,
FY2019-20,2020,BANK OF BAHRAIN & KUWAIT B.S.C.,79.549,7.63412,3.983744,4.551916,78.64746,49.8344,6.581973
FY2019-20,2020,BANK OF CEYLON,3.45,18.8101,,2.13,20.1301,2.13,15.9886
FY2019-20,2020,BANK OF CHINA LIMITED,,,,,,,
FY2019-20,2020,BANK OF NOVA SCOTIA,68.0453,,,,68.0453,,
FY2019-20,2020,BARCLAYS BANK PLC,295.8392,121.427,26.146,52.0501,339.0701,54.3718,
FY2019-20,2020,BNP PARIBAS,6.89866,,,,6.89866,,
FY2019-20,2020,CITIBANK N.A,849.11,1128.35,457.375,559.045,961.04,312.62,370.505
FY2019-20,2020,COOPERATIEVE RABOBANK U.A.,126.5317,169.811,3.9924,122.5393,169.811,,
FY2019-20,2020,CREDIT AGRICOLE CORPORATE AND INVESTMENT BANK,3.1695,,,0.2405,2.929,,
FY2019-20,2020,CREDIT SUISSE AG,260.0,,,260.0,,107.69,
FY2019-20,2020,"CTBC BANK CO., LTD.",3.461832,,0.885,,2.576832,-0.35,
FY2019-20,2020,DBS BANK INDIA LIMITED,583.1716,148.8991,40.8073,183.6968,507.5666,58.8628,89.6638
FY2019-20,2020,DEUTSCHE BANK AG,1424.4373,815.6514,624.88,104.9334,1510.2753,694.6507,668.3155
FY2019-20,2020,DOHA BANK Q.P.S.C.,8.8807,,,,8.8807,,
FY2019-20,2020,EMIRATES NBD BANK (P.J.S.C.),,,,,,,
FY2019-20,2020,FIRST ABU DHABI BANK PJSC,,,,,,,
FY2019-20,2020,FIRSTRAND BANK LTD,28.0,0.0002,,0.0002,28.0,21.0,
FY2019-20,2020,HONGKONG AND SHANGHAI BANKING CORPN.LTD.,597.7082,469.412,279.296,118.4976,669.3266,129.117,126.192
FY2019-20,2020,INDUSTRIAL AND COMMERCIAL BANK OF CHINA,50.0542,36.7954,8.7866,42.8226,35.2404,,22.9062
FY2019-20,2020,INDUSTRIAL BANK OF KOREA,,,,,,,
FY2019-20,2020,JPMORGAN CHASE BANK NATIONAL ASSOCIATION,,,,,,,
FY2019-20,2020,JSC VTB BANK,,,,,,,
FY2019-20,2020,KEB HANA BANK,53.5097,,0.1,,53.4097,31.403,20.6625
FY2019-20,2020,KOOKMIN BANK,,,,,,,
FY2019-20,2020,KRUNG THAI BANK PUBLIC COMPANY LIMITED,,,,,,,
FY2019-20,2020,MASHREQ BANK PSC,,,,,,,
FY2019-20,2020,MIZUHO BANK LTD,6.34,,,,6.34,,
FY2019-20,2020,"MUFG BANK, LTD.",70.0,,70.0,,,,
FY2019-20,2020,PT BANK MAYBANK INDONESIA TBK,17.781835,,,,17.781835,,
FY2019-20,2020,QATAR NATIONAL BANK (Q.P.S.C),,,,,,,
FY2019-20,2020,SBERBANK,91.846265,,,,91.846265,,
FY2019-20,2020,SBM BANK (INDIA) LIMITED,149.3059,21.15,10.0196,44.8597,115.5766,50.6694,36.7814
FY2019-20,2020,SHINHAN BANK,100.0,0.0377,,,100.0377,85.0,0.0283
FY2019-20,2020,SOCIETE GENERALE,148.9178,,70.0,,78.9178,45.4466,
FY2019-20,2020,SONALI BANK,4.4624,0.2378,0.0895,,4.6107,1.0057,1.1214
FY2019-20,2020,STANDARD CHARTERED BANK,6690.7776,2485.2072,913.7652,3110.9834,5151.2362,259.8361,608.9131
FY2019-20,2020,SUMITOMO MITSUI BANKING CORPORATION,,,,,,,
FY2019-20,2020,THE ROYAL BANK OF SCOTLAND N.V.,,,,,,,
FY2019-20,2020,UNITED OVERSEAS BANK LTD,155.1936,,25.5137,54.6799,75.0,,
FY2019-20,2020,WESTPAC BANKING CORPORATION,,,,,,,
FY2019-20,2020,WOORI BANK,12.8866,,,12.8866,,,
FY2019-20,2020,AU SMALL FINANCE BANK LIMITED,470.14366,617.025305,582.255156,47.128943,457.784866,294.498046,217.302322
FY2019-20,2020,CAPITAL SMALL FINANCE BANK LIMITED,33.9556,42.19,17.6324,0.0063,58.5069,24.2204,41.2497
FY2019-20,2020,EQUITAS SMALL FINANCE BANK LIMITED,295.71,409.301552,216.186106,71.50776,417.317686,167.4164,228.605276
FY2019-20,2020,ESAF SMALL FINANCE BANK LIMITED,74.0137,80.1058,23.9918,29.2673,100.8604,35.2155,42.1686
FY2019-20,2020,FINCARE SMALL FINANCE BANK LIMITED,35.887149,74.330235,20.062952,45.44095,44.713482,9.50102,19.755146
FY2019-20,2020,JANA SMALL FINANCE BANK LIMITED,522.59,230.42,132.676991,299.52,320.813009,273.08,140.385317
FY2019-20,2020,NORTH EAST SMALL FINANCE BANK LIMITED,14.2984,20.370134,0.2514,8.1321,26.285034,4.4136,16.2114
FY2019-20,2020,SURYODAY SMALL FINANCE BANK LIMITED,49.6209,104.2955,4.7795,47.8864,101.2505,12.0059,20.3742
FY2019-20,2020,UJJIVAN SMALL FINANCE BANK LIMITED,97.852269,145.189791,41.828755,64.072329,137.140976,27.548192,27.489341
FY2019-20,2020,UTKARSH SMALL FINANCE BANK LIMITED,65.572495,41.190415,6.149872,55.957725,44.655313,5.69067,11.092824
FY2019-20,2020,INDIA POST PAYMENTS BANK LIMITED,,,,,,,
FY2019-20,2020,PAYMENTS BANKS,,,,,,,
FY2018-19,2019,ALLAHABAD BANK,26562.79,10726.32,4301.34,4282.99,28704.78,12229.13,7419.31
FY2018-19,2019,ANDHRA BANK,28124.36,5274.94,2145.15,2280.18,28973.97,12636.87,9091.4
FY2018-19,2019,BANK OF BARODA,56480.38,13613.61,8759.39,13101.84,48232.76,23482.65,15609.5
FY2018-19,2019,BANK OF INDIA,62328.46,17902.53,12153.42,7416.45,60661.12,28207.27,19118.96
FY2018-19,2019,BANK OF MAHARASHTRA,18433.23,4304.22,2286.09,5126.87,15324.49,9641.19,4559.33
FY2018-19,2019,CANARA BANK,47468.47,15480.16,9457.31,14267.2,39224.12,28542.4,22955.11
FY2018-19,2019,CENTRAL BANK OF INDIA,38130.7,10328.64,5728.09,10375.21,32356.04,17377.87,11333.24
FY2018-19,2019,CORPORATION BANK,22213.44,6282.6,1782.92,5989.44,20723.68,14077.02,6926.64
FY2018-19,2019,DENA BANK,16361.44,5375.17,4296.21,4672.46,12767.94,7838.78,4166.97
FY2018-19,2019,INDIAN BANK,11990.14,6444.96,2207.82,2873.83,13353.45,5959.56,6793.11
FY2018-19,2019,INDIAN OVERSEAS BANK,38180.15,8844.54,5943.75,7682.82,33398.12,20399.66,14368.3
FY2018-19,2019,ORIENTAL BANK OF COMMERCE,26133.64,7066.15,5025.69,6457.03,21717.07,14282.88,9439.62
FY2018-19,2019,PUNJAB AND SIND BANK,7801.65,3666.37,1227.11,1635.04,8605.87,4607.87,4994.23
FY2018-19,2019,PUNJAB NATIONAL BANK,86620.05,19904.11,15798.2,12253.26,78472.7,48684.29,30037.66
FY2018-19,2019,STATE BANK OF INDIA,223427.46,32738.05,24509.97,58905.18,172750.36,110854.7,65894.74
FY2018-19,2019,SYNDICATE BANK,25758.6,11592.01,5895.74,6774.5,24680.37,13239.46,12627.73
FY2018-19,2019,UCO BANK,30549.92,9082.44,5323.72,4420.31,29888.33,14082.07,9649.92
FY2018-19,2019,UNION BANK OF INDIA,49369.93,13576.72,6446.96,7770.54,48729.15,24326.31,20332.42
FY2018-19,2019,UNITED BANK OF INDIA,16552.11,2870.52,2003.96,5365.29,12053.38,10316.3,5785.61
FY2018-19,2019,VIJAYA BANK,7526.09,5457.81,2542.55,1518.05,8923.3,5021.24,4018.37
FY2018-19,2019,AXIS BANK LIMITED,34248.64,13871.09,9100.84,9229.45,29789.44,16591.71,11275.6
FY2018-19,2019,BANDHAN BANK LIMITED,373.14,763.86,39.95,277.49,819.56,172.9,228.32
FY2018-19,2019,CITY UNION BANK LIMITED,856.55,632.16,247.56,264.1,977.05,474.78,591.46
FY2018-19,2019,CSB BANK LIMITED,764.13,197.45,130.95,300.01,530.62,416.29,240.68
FY2018-19,2019,DCB BANK LIMITED,369.03,420.47,283.23,66.79,439.48,146.72,153.77
FY2018-19,2019,DHANLAXMI BANK LIMITED,469.31,142.69,112.94,3.22,495.84,194.65,151.71
FY2018-19,2019,FEDERAL BANK LTD,2795.62,1667.98,1016.61,186.31,3260.68,1551.96,1626.2
FY2018-19,2019,HDFC BANK LTD.,8606.97,14382.03,7184.48,4580.36,11224.16,2601.02,3214.52
FY2018-19,2019,ICICI BANK LIMITED,53240.18,10595.96,6602.97,11557.13,45676.04,27823.56,13449.72
FY2018-19,2019,IDBI BANK LIMITED#,55588.25,18208.24,7850.49,15918.06,50027.94,28665.14,14837.44
FY2018-19,2019,IDFC FIRST BANK LIMITED,1779.05,2369.47,1696.03,316.45,2136.04,891.16,1106.63
FY2018-19,2019,INDUSIND BANK LTD,1704.91,5386.83,1221.35,1922.98,3947.41,745.67,2248.28
FY2018-19,2019,JAMMU & KASHMIR BANK LTD,6006.7,2964.6,1442.09,1307.86,6221.35,2791.12,3239.61
FY2018-19,2019,KARNATAKA BANK LTD,2376.07,1447.86,468.28,899.27,2456.38,1400.51,1616.71
FY2018-19,2019,KARUR VYSYA BANK LTD,3015.76,2342.92,461.66,447.45,4449.57,1862.83,2420.34
FY2018-19,2019,KOTAK MAHINDRA BANK LTD.,3825.38,1995.24,1133.12,219.56,4467.94,1665.05,1544.37
FY2018-19,2019,LAKSHMI VILAS BANK LTD,2694.21,1412.21,486.79,260.64,3358.99,1457.89,1506.29
FY2018-19,2019,NAINITAL BANK LTD,167.48,252.91,31.21,0.96,388.22,38.25,199.52
FY2018-19,2019,RBL BANK LTD,566.73,707.01,198.91,320.21,754.62,312.56,372.74
FY2018-19,2019,SOUTH INDIAN BANK LTD,1980.3,1847.86,409.76,286.74,3131.66,1415.8,2163.62
FY2018-19,2019,TAMILNAD MERCANTILE BANK LTD,868.28,947.23,383.63,263.77,1168.11,513.29,636.51
FY2018-19,2019,YES BANK LTD.,2626.802,7970.331,2245.64,468.933,7882.56,1312.746,4484.85
FY2018-19,2019,AB BANK LIMITED,8.898,,,8.898,,,
FY2018-19,2019,ABU DHABI COMMERCIAL BANK PJSC,23.1076,53.3484,1.3521,21.7273,53.3766,1.3521,39.9503
FY2018-19,2019,AMERICAN EXPRESS BANKING CORP.,84.849,707.375,426.1694,166.4665,199.5881,38.5472,108.2073
FY2018-19,2019,AUSTRALIA AND NEW ZEALAND BANKING GROUP LIMITED,,99.9674,,,99.9674,,
FY2018-19,2019,"BANK OF AMERICA , NATIONAL ASSOCIATION",,,,,,,
FY2018-19,2019,BANK OF BAHRAIN & KUWAIT B.S.C.,18.62,62.86,1.92,0.01,79.55,12.72,49.84
FY2018-19,2019,BANK OF CEYLON,0.97,3.04,0.18,0.38,3.45,,2.13
FY2018-19,2019,BANK OF NOVA SCOTIA,94.0249,,,25.9796,68.0453,,
FY2018-19,2019,BARCLAYS BANK PLC,78.352,220.8462,3.359,,295.8392,,54.3718
FY2018-19,2019,BNP PARIBAS,6.9,,,,6.9,,
FY2018-19,2019,CITIBANK N.A,865.82,952.97,464.89,504.79,849.11,305.07,312.61
FY2018-19,2019,COOPERATIEVE RABOBANK U.A.,236.4162,,29.92,79.9645,126.5317,,
FY2018-19,2019,CREDIT AGRICOLE CORPORATE AND INVESTMENT BANK,383.56,13.45,142.81,251.03,3.17,56.99,
FY2018-19,2019,CREDIT SUISSE AG,,260.0,,,260.0,,107.69
FY2018-19,2019,"CTBC BANK CO., LTD.",7.66,,4.2,,3.46,2.19,-0.35
FY2018-19,2019,DBS BANK INDIA LIMITED,,605.2391,4.6631,17.4044,583.1716,,58.8628
FY2018-19,2019,DEUTSCHE BANK AG,1023.316,821.6081,251.6318,168.855,1424.4373,304.9161,694.6507
FY2018-19,2019,DOHA BANK Q.P.S.C.,8.8807,,,,8.8807,,
FY2018-19,2019,EMIRATES NBD BANK (P.J.S.C.),,,,,,,
FY2018-19,2019,FIRST ABU DHABI BANK PJSC,,,,,,,
FY2018-19,2019,FIRSTRAND BANK LTD,,28.0,,,28.0,,21.0
FY2018-19,2019,HONGKONG AND SHANGHAI BANKING CORPN.LTD.,924.2663,391.4319,358.7871,359.2029,597.7082,144.0101,129.117
FY2018-19,2019,INDUSTRIAL AND COMMERCIAL BANK OF CHINA,47.1734,2.8808,,,50.0542,,
FY2018-19,2019,INDUSTRIAL BANK OF KOREA,,,,,,,
FY2018-19,2019,JPMORGAN CHASE BANK NATIONAL ASSOCIATION,,,,,,,
FY2018-19,2019,JSC VTB BANK,19.81,,,19.81,,,
FY2018-19,2019,KEB HANA BANK,,53.51,,,53.51,,31.4
FY2018-19,2019,KRUNG THAI BANK PUBLIC COMPANY LIMITED,,,,,,,
FY2018-19,2019,MASHREQ BANK PSC,,,,,,,
FY2018-19,2019,MIZUHO BANK LTD,6.34,,,,6.34,,
FY2018-19,2019,"MUFG BANK, LTD.",75.13,,5.13,,70.0,52.5,
FY2018-19,2019,NATIONAL AUSTRALIA BANK,,,,,,,
FY2018-19,2019,PT BANK MAYBANK INDONESIA TBK,17.78,,,,17.78,,
FY2018-19,2019,QATAR NATIONAL BANK (Q.P.S.C),,,,,,,
FY2018-19,2019,SBERBANK,91.8463,,,,91.8463,,
FY2018-19,2019,SBM BANK (INDIA) LIMITED,,149.7451,0.4392,,149.3059,,50.6694
FY2018-19,2019,SHINHAN BANK,,100.0,,,100.0,,85.0
FY2018-19,2019,SOCIETE GENERALE,70.0,78.9178,,,148.9178,52.5,45.4466
FY2018-19,2019,SONALI BANK,3.1453,1.4055,0.0884,,4.4624,0.1327,1.0057
FY2018-19,2019,STANDARD CHARTERED BANK,8441.1009,1419.606,861.2315,2308.6978,6690.7776,373.8457,259.8361
FY2018-19,2019,SUMITOMO MITSUI BANKING CORPORATION,,,,,,,
FY2018-19,2019,THE ROYAL BANK OF SCOTLAND N.V.,114.7367,,,114.7367,,,
FY2018-19,2019,UNITED OVERSEAS BANK LTD,80.1936,75.0,,,155.1936,,
FY2018-19,2019,WESTPAC BANKING CORPORATION,,,,,,,
FY2018-19,2019,WOORI BANK,,12.8866,,,12.8866,,
FY2018-19,2019,AU SMALL FINANCE BANK LIMITED,269.74,447.73,227.7,19.63,470.14,169.34,294.5
FY2018-19,2019,CAPITAL SMALL FINANCE BANK LIMITED,21.1286,27.8447,15.0047,0.013,33.9556,15.4314,24.2204
FY2018-19,2019,EQUITAS SMALL FINANCE BANK LIMITED,212.53,317.3,173.35,60.77,295.71,131.5,186.42
FY2018-19,2019,ESAF SMALL FINANCE BANK LIMITED,121.05,76.08,33.75,89.37,74.01,84.81,35.2
FY2018-19,2019,SURYODAY SMALL FINANCE BANK LIMITED,56.57,33.08,6.47,33.56,49.62,29.23,12.01
FY2018-19,2019,UJJIVAN SMALL FINANCE BANK LIMITED,275.9204,83.5392,83.7523,177.855,97.8523,50.9337,27.5482
FY2018-19,2019,UTKARSH SMALL FINANCE BANK LIMITED,57.47,60.26,22.3,29.86,65.57,33.72,5.69
FY2017-18,2018,ALLAHABAD BANK,20687.83,12903.28,3379.08,3649.24,26562.79,13433.51,12229.13
FY2017-18,2018,ANDHRA BANK,17669.98,13864.23,1744.25,1665.6,28124.36,10354.81,12636.87
FY2017-18,2018,BANK OF BARODA,42718.7,24152.34,5442.47,4948.19,56480.38,18080.18,23482.65
FY2017-18,2018,BANK OF INDIA,52044.52,25580.5,6251.76,9044.8,62328.46,25305.03,28207.27
FY2017-18,2018,BANK OF MAHARASHTRA,17188.71,5734.87,2030.02,2460.33,18433.23,11331.19,9641.19
FY2017-18,2018,CANARA BANK,34202.04,24760.76,3184.66,8309.67,47468.47,21648.98,28542.4
FY2017-18,2018,CENTRAL BANK OF INDIA,27251.33,17071.24,3268.26,2923.61,38130.7,14217.83,17377.87
FY2017-18,2018,CORPORATION BANK,17045.22,14576.86,1180.27,8228.37,22213.44,11692.18,14077.02
FY2017-18,2018,DENA BANK,12618.73,6008.47,1604.64,661.12,16361.44,7735.12,7838.78
FY2017-18,2018,IDBI BANK LIMITED,44752.59,38351.09,15000.65,12514.78,55588.25,25205.8,28665.14
FY2017-18,2018,INDIAN BANK,9865.14,5041.23,1274.6,1641.63,11990.14,5606.57,5959.56
FY2017-18,2018,INDIAN OVERSEAS BANK,35098.26,16824.79,6724.58,7018.32,38180.15,19749.32,20399.66
FY2017-18,2018,ORIENTAL BANK OF COMMERCE,22859.27,12429.34,2798.05,6356.92,26133.64,14117.83,14282.88
FY2017-18,2018,PUNJAB AND SIND BANK,6297.59,2591.75,627.88,459.81,7801.65,4375.08,4607.87
FY2017-18,2018,PUNJAB NATIONAL BANK,55370.45,44274.33,5617.54,7407.19,86620.05,32702.1,48684.29
FY2017-18,2018,STATE BANK OF INDIA*,112342.99,160303.65,9023.76,40195.42,223427.46,58277.38,110854.7
FY2017-18,2018,SYNDICATE BANK,17609.31,14309.28,3759.98,2400.01,25758.6,10410.98,13239.46
FY2017-18,2018,UCO BANK,22540.95,15033.8,4290.12,2734.71,30549.92,10703.39,14082.07
FY2017-18,2018,UNION BANK OF INDIA,33712.28,21369.11,2234.51,3476.95,49369.93,18832.1,24326.31
FY2017-18,2018,UNITED BANK OF INDIA,10951.99,8606.26,1139.23,1866.91,16552.11,6591.85,10316.3
FY2017-18,2018,VIJAYA BANK,6381.78,4388.2,1703.9,1539.99,7526.09,4118.16,5021.24
FY2017-18,2018,AXIS BANK LIMITED,21280.48,33419.0,8762.99,11687.85,34248.64,8626.55,16591.71
FY2017-18,2018,BANDHAN BANK LIMITED,86.26,351.58,13.7,51.0,373.14,61.17,172.9
FY2017-18,2018,CITY UNION BANK LIMITED,681.98,574.87,205.54,194.76,856.55,408.34,474.78
FY2017-18,2018,CSB BANK LIMITED,600.1,281.16,112.1,5.03,764.13,447.64,416.29
FY2017-18,2018,DCB BANK LIMITED,254.2,348.91,201.84,32.24,369.03,124.41,146.72
FY2017-18,2018,DHANLAXMI BANK LIMITED,315.6,358.33,202.4,2.22,469.31,166.48,194.65
FY2017-18,2018,FEDERAL BANK LTD,1727.05,2200.67,920.5,211.6,2795.62,941.2,1551.96
FY2017-18,2018,HDFC BANK LTD.,5885.66,12958.99,6971.85,3265.83,8606.97,1843.99,2601.02
FY2017-18,2018,ICICI BANK LIMITED,42159.39,28634.95,9185.5,8368.66,53240.18,25216.81,27823.56
FY2017-18,2018,IDFC BANK LIMITED,1542.1,1251.58,16.8,997.83,1779.05,576.47,891.16
FY2017-18,2018,INDUSIND BANK LTD,1054.87,3324.55,1891.73,782.78,1704.91,438.91,745.67
FY2017-18,2018,JAMMU & KASHMIR BANK LTD,6000.01,3104.69,1486.27,1611.73,6006.7,2425.37,2791.12
FY2017-18,2018,KARNATAKA BANK LTD,1581.59,2119.87,609.64,715.75,2376.07,974.73,1400.51
FY2017-18,2018,KARUR VYSYA BANK LTD,1483.81,2091.75,197.33,362.47,3015.76,1033.46,1862.83
FY2017-18,2018,KOTAK MAHINDRA BANK LTD.,3578.61,1858.21,1204.1,407.34,3825.38,1718.07,1665.05
FY2017-18,2018,LAKSHMI VILAS BANK LTD,640.19,2916.02,589.99,272.01,2694.21,418.42,1457.89
FY2017-18,2018,NAINITAL BANK LTD,164.27,47.89,31.21,13.47,167.48,39.51,38.25
FY2017-18,2018,RBL BANK LTD,356.84,569.19,200.27,159.03,566.73,189.94,312.56
FY2017-18,2018,SOUTH INDIAN BANK LTD,1149.01,1810.34,672.18,306.87,1980.3,674.56,1415.8
FY2017-18,2018,TAMILNAD MERCANTILE BANK LTD,648.64,1242.16,428.57,593.95,868.28,381.92,513.29
FY2017-18,2018,YES BANK LTD.,2018.557,8215.737,6898.899,708.593,2626.802,1072.268,1312.746
FY2017-18,2018,AB BANK LIMITED,8.898,,,,8.898,,
FY2017-18,2018,ABU DHABI COMMERCIAL BANK PJSC,23.1076,,,,23.1076,1.3521,
FY2017-18,2018,AMERICAN EXPRESS BANKING CORP.,47.5093,265.4029,126.8467,101.2165,84.849,19.9105,38.5472
FY2017-18,2018,AUSTRALIA AND NEW ZEALAND BANKING GROUP LIMITED,,,,,,,
FY2017-18,2018,"BANK OF AMERICA , NATIONAL ASSOCIATION",110.0,,99.0,11.0,,,
FY2017-18,2018,BANK OF BAHRAIN & KUWAIT B.S.C.,58.52,30.08,11.77,58.21,18.62,0.02,12.72
FY2017-18,2018,BANK OF CEYLON,1.05,,0.08,,0.97,,
FY2017-18,2018,BANK OF NOVA SCOTIA,254.4246,,34.0241,126.3756,94.0249,31.0799,
FY2017-18,2018,BARCLAYS BANK PLC,82.602,,,4.25,78.352,46.9177,
FY2017-18,2018,BNP PARIBAS,6.9,,,,6.9,,
FY2017-18,2018,CITIBANK N.A,847.51,905.3,427.34,459.65,865.82,252.02,305.07
FY2017-18,2018,COOPERATIEVE RABOBANK U.A.,444.3479,,1.5437,206.388,236.4162,167.729,
FY2017-18,2018,CREDIT AGRICOLE CORPORATE AND INVESTMENT BANK,276.25,207.46,28.11,72.04,383.56,204.55,56.99
FY2017-18,2018,CREDIT SUISSE AG,,,,,,,
FY2017-18,2018,"CTBC BANK CO., LTD.",71.94,,4.28,60.0,7.66,6.74,0.17
FY2017-18,2018,DBS BANK INDIA LIMITED,838.3834,497.7238,254.1367,143.7284,938.2421,462.4657,195.1196
FY2017-18,2018,DEUTSCHE BANK AG,994.7728,384.1361,325.1466,30.4463,1023.316,327.6886,304.9161
FY2017-18,2018,DOHA BANK Q.P.S.C.,9.3807,,0.5,,8.8807,2.3452,
FY2017-18,2018,EMIRATES NBD BANK (P.J.S.C.),,,,,,,
FY2017-18,2018,FIRST ABU DHABI BANK PJSC,,,,,,,
FY2017-18,2018,FIRSTRAND BANK LTD,24.4095,4.7437,15.5792,13.574,,,
FY2017-18,2018,HONGKONG AND SHANGHAI BANKING CORPN.LTD.,896.9751,338.5256,245.2728,65.9616,924.2663,203.9783,144.0101
FY2017-18,2018,INDUSTRIAL AND COMMERCIAL BANK OF CHINA,46.9382,0.2352,,,47.1734,,
FY2017-18,2018,INDUSTRIAL BANK OF KOREA,,,,,,,
FY2017-18,2018,JPMORGAN CHASE BANK NATIONAL ASSOCIATION,,,,,,,
FY2017-18,2018,JSC VTB BANK,20.56,,0.75,,19.81,12.51,
FY2017-18,2018,KEB HANA BANK,,,,,,,
FY2017-18,2018,KRUNG THAI BANK PUBLIC COMPANY LIMITED,,,,,,,
FY2017-18,2018,MASHREQ BANK PSC,,,,,,,
FY2017-18,2018,MIZUHO BANK LTD,6.34,,,,6.34,,
FY2017-18,2018,"MUFG BANK, LTD.",10.25,70.0,5.12,,75.13,0.86,53.35
FY2017-18,2018,NATIONAL AUSTRALIA BANK,,,,,,,
FY2017-18,2018,PT BANK MAYBANK INDONESIA TBK,17.78,,,,17.78,,
FY2017-18,2018,QATAR NATIONAL BANK (Q.P.S.C),,,,,,,
FY2017-18,2018,SBERBANK,97.277,,5.4307,,91.8463,65.9989,
FY2017-18,2018,SBM BANK (INDIA) LIMITED,132.14,105.87,2.96,56.72,178.33,43.3,10.73
FY2017-18,2018,SHINHAN BANK,,,,,,,
FY2017-18,2018,SOCIETE GENERALE,,70.0,,,70.0,,52.5
FY2017-18,2018,SONALI BANK,4.4642,,1.3189,,3.1453,1.5388,0.1327
FY2017-18,2018,STANDARD CHARTERED BANK,8032.6615,4140.0665,3127.2332,604.3939,8441.1009,121.3597,373.8457
FY2017-18,2018,SUMITOMO MITSUI BANKING CORPORATION,,,,,,,
FY2017-18,2018,THE ROYAL BANK OF SCOTLAND N.V.,183.4984,,19.3741,49.3876,114.7367,120.4144,
FY2017-18,2018,UNITED OVERSEAS BANK LTD,80.1936,,,,80.1936,44.1065,
FY2017-18,2018,WESTPAC BANKING CORPORATION,,,,,,,
FY2017-18,2018,WOORI BANK,,,,,,,
FY2017-18,2018,AU SMALL FINANCE BANK LIMITED,124.51,206.25,55.09,5.93,269.74,80.46,169.34
FY2017-18,2018,CAPITAL SMALL FINANCE BANK LIMITED,13.9856,19.1576,12.0146,,21.1286,9.7902,15.4314
FY2017-18,2018,EQUITAS SMALL FINANCE BANK LIMITED,206.48,344.27,147.99,190.23,212.53,104.95,131.5
FY2017-18,2018,SURYODAY SMALL FINANCE BANK LIMITED,51.25,51.79,3.68,42.79,56.57,37.4,35.49
FY2017-18,2018,UJJIVAN SMALL FINANCE BANK LIMITED,16.3995,556.6906,120.6883,176.4814,275.9204,1.7971,50.9337
FY2017-18,2018,UTKARSH SMALL FINANCE BANK LIMITED,,200.04,142.57,,57.47,,33.72
FY2016-17,2017,STATE BANK OF BIKANER AND JAIPUR,3602.76,9673.74,1013.87,1585.84,10676.79,2005.19,6829.7
FY2016-17,2017,STATE BANK OF HYDERABAD,6590.91,15348.52,2297.77,1429.72,18211.94,3743.16,10193.83
FY2016-17,2017,STATE BANK OF INDIA,98172.8,39071.38,4331.39,20569.8,112342.99,55807.02,58277.38
FY2016-17,2017,STATE BANK OF MYSORE,3635.56,8249.01,1808.88,161.14,9914.55,2257.18,5824.34
FY2016-17,2017,STATE BANK OF PATIALA,6766.57,29616.54,15008.04,3527.7,17847.37,3268.16,10840.33
FY2016-17,2017,STATE BANK OF TRAVANCORE,3199.96,9618.3,3436.7,564.58,8816.98,1813.67,4966.64
FY2016-17,2017,STATE BANK OF INDIA AND ITS ASSOCIATES,121968.56,111577.49,27896.65,27838.78,177810.62,68894.38,96932.22
FY2016-17,2017,ALLAHABAD BANK,15384.57,11417.0,3671.69,2442.05,20687.83,10292.51,13433.51
FY2016-17,2017,ANDHRA BANK,11443.63,9521.47,1672.01,1623.11,17669.98,6035.65,10354.81
FY2016-17,2017,BANK OF BARODA,40521.04,13311.63,6598.4,4515.57,42718.7,19406.46,18080.18
FY2016-17,2017,BANK OF INDIA,49879.13,16721.12,7325.18,7230.55,52044.52,27996.4,25305.03
FY2016-17,2017,BANK OF MAHARASHTRA,10385.85,9119.05,959.08,1357.11,17188.71,6919.33,11229.56
FY2016-17,2017,BHARATIYA MAHILA BANK LTD.,1.35,53.95,0.31,,54.99,0.71,46.16
FY2016-17,2017,CANARA BANK,31637.83,11652.11,3543.12,5544.78,34202.04,20832.91,21648.98
FY2016-17,2017,CENTRAL BANK OF INDIA,22720.88,10487.82,3561.74,2395.63,27251.33,13241.8,14217.83
FY2016-17,2017,CORPORATION BANK,14544.25,7762.42,1687.76,3573.69,17045.22,9160.14,11692.18
FY2016-17,2017,DENA BANK,8560.49,6767.37,1875.74,833.39,12618.73,5230.47,7735.12
FY2016-17,2017,IDBI BANK LIMITED,24875.07,27595.02,4849.3,2868.2,44752.59,14643.39,25205.8
FY2016-17,2017,INDIAN BANK,8827.04,3330.66,1067.14,1225.42,9865.14,5419.4,5606.57
FY2016-17,2017,INDIAN OVERSEAS BANK,30048.63,13003.7,5660.04,2294.03,35098.26,19212.58,19749.32
FY2016-17,2017,ORIENTAL BANK OF COMMERCE,14701.78,12222.3,1756.49,2308.32,22859.27,9932.15,14117.83
FY2016-17,2017,PUNJAB AND SIND BANK,4229.05,2900.06,340.88,490.64,6297.59,2949.47,4375.08
FY2016-17,2017,PUNJAB NATIONAL BANK,55818.33,22414.58,13657.34,9205.12,55370.45,35422.56,32702.1
FY2016-17,2017,SYNDICATE BANK,13832.16,8137.95,3090.11,1270.69,17609.31,9014.87,10410.98
FY2016-17,2017,UCO BANK,20907.73,9928.16,6320.22,1928.04,22540.95,11443.59,10703.39
FY2016-17,2017,UNION BANK OF INDIA,24170.89,13243.89,2438.84,1263.66,33712.28,14025.94,18832.1
FY2016-17,2017,UNITED BANK OF INDIA,9471.01,3533.08,1338.39,713.71,10951.99,6110.71,6591.85
FY2016-17,2017,VIJAYA BANK,6027.07,2893.44,1470.44,1068.29,6381.78,4276.82,4118.16
FY2016-17,2017,NATIONALISED BANKS,417987.78,216016.78,72884.22,54152.0,506921.66,251567.86,286156.54
FY2016-17,2017,AXIS BANK LIMITED,6087.51,21781.79,4366.73,2222.09,21280.48,2522.14,8626.55
FY2016-17,2017,BANDHAN BANK LIMITED,18.77,103.37,4.69,31.19,86.26,10.24,61.17
FY2016-17,2017,CITY UNION BANK LIMITED,511.98,479.61,146.15,163.46,681.98,323.15,408.34
FY2016-17,2017,CSB BANK LIMITED,446.91,367.0,75.06,138.75,600.1,345.15,447.64
FY2016-17,2017,DCB BANK LIMITED,197.38,261.97,160.8,44.35,254.2,97.46,124.41
FY2016-17,2017,DHANLAXMI BANK LIMITED,458.92,154.76,109.12,188.96,315.6,193.19,166.48
FY2016-17,2017,FEDERAL BANK LTD,1667.77,1074.99,779.29,236.42,1727.05,950.01,941.2
FY2016-17,2017,HDFC BANK LTD.,4392.83,7126.17,3247.4,2385.94,5885.66,1320.37,1843.99
FY2016-17,2017,ICICI BANK LIMITED,26221.25,33546.61,5416.56,12191.91,42159.39,12963.08,25216.81
FY2016-17,2017,IDFC BANK LIMITED,3058.3,980.68,2496.87,0.01,1542.1,1139.04,576.47
FY2016-17,2017,INDUSIND BANK LTD,776.82,1429.27,685.69,465.53,1054.87,321.75,438.91
FY2016-17,2017,JAMMU & KASHMIR BANK LTD,4368.61,3278.42,819.1,827.92,6000.01,2163.95,2425.37
FY2016-17,2017,KARNATAKA BANK LTD,1180.4,1348.37,489.17,458.01,1581.59,795.47,974.73
FY2016-17,2017,KARUR VYSYA BANK LTD,511.18,1330.83,94.43,263.77,1483.81,216.17,1033.46
FY2016-17,2017,KOTAK MAHINDRA BANK LTD.,2838.11,1797.13,634.37,422.26,3578.61,1261.96,1718.07
FY2016-17,2017,LAKSHMI VILAS BANK LTD,391.25,597.2,256.75,91.5,640.19,231.64,418.42
FY2016-17,2017,NAINITAL BANK LTD,121.04,87.48,43.63,0.62,164.27,27.73,39.51
FY2016-17,2017,RBL BANK LTD,208.05,533.41,315.95,68.67,356.84,124.44,189.94
FY2016-17,2017,SOUTH INDIAN BANK LTD,1562.36,1697.96,2037.48,73.83,1149.01,1185.26,674.56
FY2016-17,2017,TAMILNAD MERCANTILE BANK LTD,418.94,727.94,254.49,243.75,648.64,200.74,381.92
FY2016-17,2017,YES BANK LTD.,748.981,2632.322,1220.663,142.083,2018.557,284.474,1072.268
FY2016-17,2017,AB BANK LIMITED,8.898,,,,8.898,3.7,
FY2016-17,2017,ABU DHABI COMMERCIAL BANK PJSC,23.1076,,,,23.1076,1.3521,1.3521
FY2016-17,2017,AMERICAN EXPRESS BANKING CORP.,49.6326,209.5655,105.2388,106.45,47.5093,24.7821,19.9105
FY2016-17,2017,AUSTRALIA AND NEW ZEALAND BANKING GROUP LIMITED,,,,,,,
FY2016-17,2017,"BANK OF AMERICA , NATIONAL ASSOCIATION",,110.0,,,110.0,,
FY2016-17,2017,BANK OF BAHRAIN & KUWAIT B.S.C.,71.61,0.04,8.57,4.56,58.52,21.29,0.02
FY2016-17,2017,BANK OF CEYLON,1.33,,0.06,0.22,1.05,,
FY2016-17,2017,BANK OF NOVA SCOTIA,355.0387,0.2295,,100.8436,254.4246,174.1324,31.0799
FY2016-17,2017,BARCLAYS BANK PLC,185.5148,78.1961,8.1959,172.913,82.602,0.5719,46.9177
FY2016-17,2017,BNP PARIBAS,12.08,,5.18,,6.9,,
FY2016-17,2017,CITIBANK N.A,860.51,794.67,442.3,365.37,847.51,302.2,252.02
FY2016-17,2017,COMMONWEALTH BANK OF AUSTRALIA,,,,,,,
FY2016-17,2017,COOPERATIEVE RABOBANK U.A.,20.0,424.3479,,,444.3479,17.0,167.729
FY2016-17,2017,CREDIT AGRICOLE CORPORATE AND INVESTMENT BANK,237.62,360.11,58.31,263.17,276.25,175.58,204.55
FY2016-17,2017,CREDIT SUISSE AG,,,,,,,
FY2016-17,2017,"CTBC BANK CO., LTD.",63.81,8.13,,,71.94,45.26,6.74
FY2016-17,2017,DBS BANK INDIA LIMITED,1632.7054,601.9036,451.5822,944.6434,838.3834,766.6062,462.4657
FY2016-17,2017,DEUTSCHE BANK AG,199.1244,968.6485,157.0074,15.9927,994.7728,110.4723,327.6886
FY2016-17,2017,DOHA BANK Q.P.S.C.,,9.3807,,,9.3807,,2.3452
FY2016-17,2017,FIRST ABU DHABI BANK PJSC,,,,,,,
FY2016-17,2017,FIRSTRAND BANK LTD,65.7918,0.238,,41.6203,24.4095,31.3877,
FY2016-17,2017,HONGKONG AND SHANGHAI BANKING CORPN.LTD.,835.786,560.8391,360.1593,139.4907,896.9751,211.3123,203.9783
FY2016-17,2017,INDUSTRIAL AND COMMERCIAL BANK OF CHINA,48.0059,0.8726,1.9403,,46.9382,36.0044,
FY2016-17,2017,INDUSTRIAL BANK OF KOREA,,,,,,,
FY2016-17,2017,JPMORGAN CHASE BANK NATIONAL ASSOCIATION,,64.85,,64.85,,,
FY2016-17,2017,JSC VTB BANK,19.9,12.06,11.4,,20.56,12.65,12.51
FY2016-17,2017,KEB HANA BANK,,,,,,,
FY2016-17,2017,KRUNG THAI BANK PUBLIC COMPANY LIMITED,,,,,,,
FY2016-17,2017,MASHREQ BANK PSC,,,,,,,
FY2016-17,2017,MIZUHO BANK LTD,6.34,,,,6.34,,
FY2016-17,2017,"MUFG BANK, LTD.",97.65,10.25,,97.65,10.25,0.97,0.86
FY2016-17,2017,NATIONAL AUSTRALIA BANK,,,,,,,
FY2016-17,2017,PT BANK MAYBANK INDONESIA TBK,,17.78,,,17.78,,
FY2016-17,2017,SBERBANK,99.8667,,2.5897,,97.277,80.0182,65.9989
FY2016-17,2017,SBM BANK (INDIA) LIMITED,72.28,75.71,2.85,13.0,132.14,31.07,43.3
FY2016-17,2017,SHINHAN BANK,,,,,,,
FY2016-17,2017,SOCIETE GENERALE,,,,,,,
FY2016-17,2017,SONALI BANK,3.0241,1.4684,0.0283,,4.4642,0.7374,1.5388
FY2016-17,2017,STANDARD CHARTERED BANK,10835.5383,2031.8088,2021.3888,2813.2968,8032.6615,714.7858,121.3597
FY2016-17,2017,SUMITOMO MITSUI BANKING CORPORATION,,,,,,,
FY2016-17,2017,THE ROYAL BANK OF SCOTLAND N.V.,,183.4984,,,183.4984,,120.4144
FY2016-17,2017,UNITED OVERSEAS BANK LTD,,80.1936,,,80.1936,,44.1065
FY2016-17,2017,WESTPAC BANKING CORPORATION,,,,,,,
FY2016-17,2017,WOORI BANK,,,,,,,
FY2016-17,2017,CAPITAL SMALL FINANCE BANK LIMITED,8.4295,12.1146,6.4024,0.1561,13.9856,5.1319,9.7902
FY2016-17,2017,EQUITAS SMALL FINANCE BANK LIMITED,55.25,274.54,96.14,27.17,206.48,40.55,104.95
FY2015-16,2016,STATE BANK OF BIKANER AND JAIPUR,2945.14,2719.49,1209.53,852.34,3602.76,1769.17,2005.19
FY2015-16,2016,STATE BANK OF HYDERABAD,4984.77,5818.75,3008.67,1203.94,6590.91,2348.51,3743.16
FY2015-16,2016,STATE BANK OF INDIA,56725.34,64198.49,6987.77,15763.26,98172.8,27590.58,55807.02
FY2015-16,2016,STATE BANK OF MYSORE,2136.42,3573.35,1486.18,588.03,3635.56,1121.58,2257.18
FY2015-16,2016,STATE BANK OF PATIALA,4359.73,9230.86,5667.85,1156.17,6766.57,3049.23,3268.16
FY2015-16,2016,STATE BANK OF TRAVANCORE,2357.05,5236.21,3643.28,750.02,3199.96,1398.66,1813.67
FY2015-16,2016,STATE BANK OF INDIA AND ITS ASSOCIATES,73508.45,90777.15,22003.28,20313.76,121968.56,37277.73,68894.38
FY2015-16,2016,ALLAHABAD BANK,8357.97,12924.81,2242.96,3655.25,15384.57,5978.89,10292.51
FY2015-16,2016,ANDHRA BANK,6876.54,6332.04,950.63,814.32,11443.63,3688.63,6035.65
FY2015-16,2016,BANK OF BARODA,16261.44,27828.38,2014.63,1554.15,40521.04,8069.49,19406.46
FY2015-16,2016,BANK OF INDIA,22193.24,34510.58,4496.27,2328.42,49879.13,13517.57,27996.4
FY2015-16,2016,BANK OF MAHARASHTRA,6402.06,5723.85,836.74,903.32,10385.85,4175.79,6832.03
FY2015-16,2016,BHARATIYA MAHILA BANK LTD.,,1.35,,,1.35,,0.71
FY2015-16,2016,CANARA BANK,13039.96,24724.06,2739.22,3386.97,31637.83,8740.09,20832.91
FY2015-16,2016,CENTRAL BANK OF INDIA,11873.0,15145.0,3018.0,1279.0,22721.0,6807.0,13242.0
FY2015-16,2016,CORPORATION BANK,7106.67,10581.98,649.56,2494.84,14544.25,4464.98,9160.14
FY2015-16,2016,DENA BANK,4393.04,6098.45,1171.34,759.66,8560.49,3014.3,5230.47
FY2015-16,2016,IDBI BANK LIMITED,12684.97,19086.6,1437.08,5459.43,24875.06,5992.52,14643.39
FY2015-16,2016,INDIAN BANK,5670.44,5703.82,1620.8,926.42,8827.04,3146.95,5419.4
FY2015-16,2016,INDIAN OVERSEAS BANK,14922.45,20998.38,3744.56,2127.64,30048.63,9813.33,19212.58
FY2015-16,2016,ORIENTAL BANK OF COMMERCE,7666.22,10371.43,1668.27,1667.7,14701.68,4816.24,9932.15
FY2015-16,2016,PUNJAB AND SIND BANK,3082.19,1959.92,477.69,335.37,4229.05,2266.0,2949.47
FY2015-16,2016,PUNJAB NATIONAL BANK,25694.86,42251.8,5643.54,6484.79,55818.33,15396.5,35422.56
FY2015-16,2016,SYNDICATE BANK,6442.38,12200.54,3381.06,1429.7,13832.16,3843.65,9014.87
FY2015-16,2016,UCO BANK,10265.05,14942.35,2726.44,1573.23,20907.73,6330.58,11443.59
FY2015-16,2016,UNION BANK OF INDIA,13030.87,12952.87,1021.27,791.58,24170.89,6918.97,14025.94
FY2015-16,2016,UNITED BANK OF INDIA,6552.91,5011.05,1443.53,649.42,9471.01,4081.38,6110.71
FY2015-16,2016,VIJAYA BANK,2443.21,5835.63,1741.9,509.87,6027.07,1659.71,4276.82
FY2015-16,2016,NATIONALISED BANKS,204959.47,295184.89,43025.49,39131.08,417987.79,122722.57,251480.76
FY2015-16,2016,AXIS BANK LIMITED,4110.19,7344.56,2044.71,3322.53,6087.51,1316.71,2522.14
FY2015-16,2016,BANDHAN BANK LIMITED,,18.77,,,18.77,,10.24
FY2015-16,2016,CITY UNION BANK LIMITED,335.82,428.99,128.05,124.78,511.98,232.79,323.15
FY2015-16,2016,CSB BANK LIMITED,474.81,403.09,288.65,142.34,446.91,364.59,345.15
FY2015-16,2016,DCB BANK LIMITED,186.07,225.49,154.38,59.8,197.38,105.7,97.46
FY2015-16,2016,DHANLAXMI BANK LIMITED,558.29,250.75,238.37,111.75,458.92,252.63,193.19
FY2015-16,2016,FEDERAL BANK LTD,1057.73,1895.41,833.3,452.07,1667.77,373.27,950.01
FY2015-16,2016,HDFC BANK LTD.,3438.38,5712.64,2815.77,1942.42,4392.83,896.28,1320.37
FY2015-16,2016,ICICI BANK LIMITED,15094.69,16710.85,2628.95,2955.34,26221.25,6255.53,12963.08
FY2015-16,2016,IDFC BANK LIMITED,,3424.9,366.6,,3058.3,,1139.04
FY2015-16,2016,INDUSIND BANK LTD,562.92,848.65,354.1,280.65,776.82,210.48,321.75
FY2015-16,2016,JAMMU & KASHMIR BANK LTD,2764.08,2383.22,450.66,328.03,4368.61,1236.32,2163.95
FY2015-16,2016,KARNATAKA BANK LTD,944.21,1125.07,583.76,305.12,1180.4,623.55,795.47
FY2015-16,2016,KARUR VYSYA BANK LTD,677.78,1133.41,357.42,942.59,511.18,280.97,216.17
FY2015-16,2016,KOTAK MAHINDRA BANK LTD.,1237.23,2866.06,976.06,289.12,2838.11,609.08,1261.96
FY2015-16,2016,LAKSHMI VILAS BANK LTD,454.62,196.9,191.01,69.26,391.25,302.49,231.64
FY2015-16,2016,NAINITAL BANK LTD,77.41,57.54,15.49,0.09,119.37,,27.73
FY2015-16,2016,RBL BANK LTD,111.23,199.68,30.02,72.84,208.05,38.59,124.44
FY2015-16,2016,SOUTH INDIAN BANK LTD,643.45,1609.7,519.63,171.16,1562.36,357.05,1185.26
FY2015-16,2016,TAMILNAD MERCANTILE BANK LTD,318.68,520.91,321.38,99.27,418.94,135.53,200.74
FY2015-16,2016,YES BANK LTD.,313.4009,911.108,217.2231,258.3044,748.9814,87.7247,284.4745
FY2015-16,2016,AB BANK LIMITED,8.4593,0.4387,,,8.898,5.25,3.7
FY2015-16,2016,ABU DHABI COMMERCIAL BANK PJSC,23.1076,,,,23.1076,1.3521,1.3521
FY2015-16,2016,AMERICAN EXPRESS BANKING CORP.,20.2268,172.0644,61.0908,81.5678,49.6326,15.1701,24.7821
FY2015-16,2016,AUSTRALIA AND NEW ZEALAND BANKING GROUP LIMITED,,,,,,,
FY2015-16,2016,"BANK OF AMERICA , NATIONAL ASSOCIATION",14.4838,,14.4838,,,9.8082,
FY2015-16,2016,BANK OF BAHRAIN & KUWAIT B.S.C.,39.92,88.09,19.82,36.58,71.61,26.32,21.29
FY2015-16,2016,BANK OF CEYLON,1.4,,0.07,,1.33,,
FY2015-16,2016,BANK OF NOVA SCOTIA,193.1825,191.8562,,30.0,355.0387,32.0003,174.1324
FY2015-16,2016,BARCLAYS BANK PLC,311.0591,3.4788,8.6739,120.3492,185.5148,3.1574,0.5719
FY2015-16,2016,BNP PARIBAS,12.17,,0.09,,12.08,,
FY2015-16,2016,CITIBANK N.A,780.57,752.07,312.95,359.18,860.51,244.88,302.2
FY2015-16,2016,COMMONWEALTH BANK OF AUSTRALIA,,,,,,,
FY2015-16,2016,COOPERATIEVE RABOBANK U.A.,,20.0,,,20.0,,17.0
FY2015-16,2016,CREDIT AGRICOLE CORPORATE AND INVESTMENT BANK,0.59,237.03,,,237.62,,175.58
FY2015-16,2016,CREDIT SUISSE AG,,,,,,,
FY2015-16,2016,"CTBC BANK CO., LTD.",7.7,60.0,,3.89,63.81,1.8,45.26
FY2015-16,2016,DBS BANK INDIA LIMITED,1283.8723,640.6823,156.5735,135.2757,1632.7054,657.5235,766.6062
FY2015-16,2016,DEUTSCHE BANK AG,119.2981,138.6191,44.19,14.6028,199.1244,46.5815,110.4723
FY2015-16,2016,DOHA BANK Q.P.S.C.,,,,,,,
FY2015-16,2016,FIRST ABU DHABI BANK PJSC,,,,,,,
FY2015-16,2016,FIRSTRAND BANK LTD,22.1433,43.6502,,0.0017,65.7918,15.0837,31.3877
FY2015-16,2016,HONGKONG AND SHANGHAI BANKING CORPN.LTD.,791.4574,338.3758,231.6221,62.4251,835.786,238.1173,211.3123
FY2015-16,2016,INDUSTRIAL AND COMMERCIAL BANK OF CHINA,,48.0059,,,48.0059,,36.0044
FY2015-16,2016,INDUSTRIAL BANK OF KOREA,,,,,,,
FY2015-16,2016,JPMORGAN CHASE BANK NATIONAL ASSOCIATION,,,,,,,
FY2015-16,2016,JSC VTB BANK,21.55,,1.65,,19.9,18.32,12.65
FY2015-16,2016,KBC BANK NV,5.6175,,5.6175,,,,
FY2015-16,2016,KEB HANA BANK,,,,,,,
FY2015-16,2016,KRUNG THAI BANK PUBLIC COMPANY LIMITED,,,,,,,
FY2015-16,2016,MASHREQ BANK PSC,0.0006,,,0.0006,,,
FY2015-16,2016,MIZUHO BANK LTD,136.6188,0.2198,130.4986,,6.34,69.4341,
FY2015-16,2016,"MUFG BANK, LTD.",97.65,,,,97.65,45.72,0.97
FY2015-16,2016,NATIONAL AUSTRALIA BANK,,,,,,,
FY2015-16,2016,PT BANK MAYBANK INDONESIA TBK,,,,,,,
FY2015-16,2016,SBERBANK,48.6851,51.1816,,,99.8667,41.3766,80.0182
FY2015-16,2016,SBM BANK (INDIA) LIMITED,79.93,9.61,0.05,17.21,72.28,48.66,31.07
FY2015-16,2016,SHINHAN BANK,,5.827,0.0414,5.7856,,,
FY2015-16,2016,SOCIETE GENERALE,,,,,,,
FY2015-16,2016,SONALI BANK,2.8095,0.3088,0.0942,,3.0241,0.5764,0.7374
FY2015-16,2016,STANDARD CHARTERED BANK,6656.38,5161.2051,781.3385,200.7083,10835.5383,230.6403,714.7858
FY2015-16,2016,SUMITOMO MITSUI BANKING CORPORATION,,,,,,,
FY2015-16,2016,THE ROYAL BANK OF SCOTLAND N.V.,82.1346,0.0077,20.7513,61.312,0.079,5.9286,
FY2015-16,2016,UNITED OVERSEAS BANK LTD,,,,,,,
FY2015-16,2016,WESTPAC BANKING CORPORATION,,,,,,,
FY2015-16,2016,WOORI BANK,,,,,,,
